Route_ID,Route_Name,Action_Taken,New_Route_ID,Old_Wait_Time,New_Wait_Time,Population_Served,Residential_Score,Commercial_Score,Composite_Demand_Score,HV_POI_Count,Time_Saved_Mins,Cumulative_Person_Minutes_Saved_Daily
R0129,AMPHALLA ↔ LALYAL,RETAINED_AS_FEEDER,FDR-269,69,15,58775,3526.85,495.05,4021.9,9,54,3173850
R0386,JANIPUR COLONY ↔ BARI BRAHMANA,RETAINED_AS_FEEDER,FDR-167,27,15,210737,5863.09,340.82,6203.91,13,12,2528844
R0327,JANIPUR ↔ BISHNAH,RETAINED_AS_FEEDER,FDR-196,25,15,220640,5386.85,299.08,5685.93,13,10,2206400
R0391,JANIPUR COLONY ↔ BARI BRAHMANA,RETAINED_AS_FEEDER,FDR-123,26,15,197716,6684.34,414.15,7098.49,13,11,2174876
R0744,ROOP NAGAR ↔ SMAILPUR,RETAINED_AS_FEEDER,FDR-094,26,15,196788,7363.17,505.13,7868.3,15,11,2164668
R0308,JANIPUR ↔ KULWAL,RETAINED_AS_FEEDER,FDR-188,26,15,194588,5354.65,399.01,5753.66,16,11,2140468
R0587,NEW HIGH COURT JANIPUR ↔ BISHNAH,RETAINED_AS_FEEDER,FDR-262,25,15,206833,4160.63,271.56,4432.19,15,10,2068330
R0100,AMPHALLA ↔ KARWAL,RETAINED_AS_FEEDER,FDR-277,25,15,203147,3587.97,251.68,3839.65,15,10,2031470
R0380,JANIPUR COLONY ↔ BISHNAH,RETAINED_AS_FEEDER,FDR-149,25,15,199049,5957.95,404.08,6362.03,15,10,1990490
R0338,JANIPUR ↔ BARI BRAHMANA IND  COMPLEX,RETAINED_AS_FEEDER,FDR-122,25,15,193686,6698.0,423.63,7121.63,13,10,1936860
R0387,JANIPUR COLONY ↔ BARI BRAHMANA,RETAINED_AS_FEEDER,FDR-066,26,15,172407,7979.96,624.86,8604.82,15,11,1896477
R0583,NEW HIGH COURT JANIPUR ↔ BISHNAH,RETAINED_AS_FEEDER,FDR-169,25,15,188615,5779.71,413.68,6193.39,15,10,1886150
R0390,JANIPUR COLONY ↔ BARI BRAHMANA,RETAINED_AS_FEEDER,FDR-119,25,15,185213,6736.49,491.02,7227.51,15,10,1852130
R0348,JANIPUR ↔ BISHNAH,RETAINED_AS_FEEDER,FDR-156,24,15,193458,5907.66,412.25,6319.91,15,9,1741122
R0261,JANIPUR ↔ BARI BRAHMANA IND  COMPLEX,RETAINED_AS_FEEDER,FDR-121,24,15,193164,6735.15,427.13,7162.28,13,9,1738476
R0214,BUS STAND ROOP NAGAR ↔ BARI BRAHMANA IND COMPLEX,RETAINED_AS_FEEDER,FDR-057,24,15,182838,8138.43,600.91,8739.34,15,9,1645542
R0549,NARWAL ↔ SIDHRA,RETAINED_AS_FEEDER,FDR-303,26,15,147322,2732.54,32.46,2765.0,4,11,1620542
R0210,BSF PALOURA ↔ ROOPNAGAR,RETAINED_AS_FEEDER,FDR-052,28,15,124499,8434.89,440.38,8875.27,8,13,1618487
R0431,JDA COMPLEX NEW PLOT ↔ BISHNAH,RETAINED_AS_FEEDER,FDR-217,27,15,133699,5154.16,269.85,5424.01,7,12,1604388
R0392,JANIPUR COLONY ↔ BARI BRAHMANA,RETAINED_AS_FEEDER,FDR-060,24,15,172338,8065.24,631.79,8697.03,15,9,1551042
R0395,JANIPUR COLONY ↔ BARI BRAHMANA NO FOUR,RETAINED_AS_FEEDER,FDR-061,24,15,172338,8065.24,631.79,8697.03,15,9,1551042
R0265,JANIPUR ↔ BISHNAH,RETAINED_AS_FEEDER,FDR-151,23,15,193005,5936.79,415.26,6352.05,15,8,1544040
R0239,JANIPUR ↔ BISHNAH,RETAINED_AS_FEEDER,FDR-150,23,15,193005,5936.79,415.26,6352.05,15,8,1544040
R0695,PANJTIRTHI ↔ FAWARA CHOWK GREATER KAILASH,RETAINED_AS_FEEDER,FDR-089,28,15,114901,7778.82,321.58,8100.4,7,13,1493713
R0611,PALOURA ↔ SUNDWAN,RETAINED_AS_FEEDER,FDR-120,29,15,102315,6987.3,187.8,7175.1,5,14,1432410
R0442,KUJWANI ↔ PHINDER,UPGRADED_TO_TRUNK,TRK-003,36,5,44896,3061.65,0.0,3061.65,0,31,1391776
R0416,JANIPUR HOUSING COLONY ↔ BARI BRAHAMANA 4 NO FACTORY,RETAINED_AS_FEEDER,FDR-059,23,15,168552,8060.83,645.62,8706.45,15,8,1348416
R0249,JANIPUR ↔ MISHRIWALA,RETAINED_AS_FEEDER,FDR-275,23,15,168452,3694.85,159.02,3853.87,8,8,1347616
R0358,JANIPUR ↔ BARIBRAHMAN,RETAINED_AS_FEEDER,FDR-062,23,15,166528,8042.5,651.98,8694.48,15,8,1332224
R0017,AMPHALA ↔ TRIKUTA NAGAR G  KALISH,UPGRADED_TO_TRUNK,TRK-005,26,5,63218,9603.22,1708.95,11312.17,12,21,1327578
R0316,JANIPUR ↔ LAKKAR MANDI GANDHI NAGAR,RETAINED_AS_FEEDER,FDR-206,24,15,147221,5279.39,304.81,5584.2,10,9,1324989
R0313,JANIPUR ↔ BADHORI,RETAINED_AS_FEEDER,FDR-234,21,15,219792,4751.03,313.43,5064.46,16,6,1318752
R0367,JANIPUR ↔ GHO SANDWAN,RETAINED_AS_FEEDER,FDR-205,27,15,108772,5325.43,293.76,5619.19,6,12,1305264
R0364,JANIPUR ↔ GHO SANDWAN,RETAINED_AS_FEEDER,FDR-204,27,15,108772,5325.43,293.76,5619.19,6,12,1305264
R0296,JANIPUR ↔ GHO SANDWAN,RETAINED_AS_FEEDER,FDR-202,27,15,108772,5325.43,293.76,5619.19,6,12,1305264
R0363,JANIPUR ↔ GHO SANDWAN,RETAINED_AS_FEEDER,FDR-203,27,15,108772,5325.43,293.76,5619.19,6,12,1305264
R0743,ROOP NAGAR ↔ GREATER KAILASH FAWARA CHOWK,RETAINED_AS_FEEDER,FDR-042,23,15,163011,8649.63,543.88,9193.51,11,8,1304088
R0068,AMPHALLA ↔ SUNJWAN,RETAINED_AS_FEEDER,FDR-164,32,15,76378,5949.37,272.63,6222.0,5,17,1298426
R0106,AMPHALLA ↔ BATHINDI,RETAINED_AS_FEEDER,FDR-158,33,15,71330,5987.07,293.77,6280.84,5,18,1283940
R0592,OLD JANIPUR LAKKAR MANDI ↔ KARWAL MALKAY CHAK,RETAINED_AS_FEEDER,FDR-288,33,15,70711,3229.11,285.41,3514.52,7,18,1272798
R0057,AMPHALLA ↔ BISHNAH,RETAINED_AS_FEEDER,FDR-155,22,15,176591,5815.23,510.42,6325.65,17,7,1236137
R0786,SATWARI ↔ KHERI RAYAL,RETAINED_AS_FEEDER,FDR-221,24,15,136785,5087.59,278.96,5366.55,9,9,1231065
R0571,NARWAL ↔ GAJANSOO SAHARAN,RETAINED_AS_FEEDER,FDR-244,25,15,122828,4686.3,104.92,4791.22,5,10,1228280
R0128,AMPHALLA ↔ MARALIAN,RETAINED_AS_FEEDER,FDR-237,25,15,122477,4471.11,492.83,4963.94,15,10,1224770
R0750,SANGRAMPUR ↔ PANJTIRTHI,RETAINED_AS_FEEDER,FDR-116,29,15,86997,6700.84,616.19,7317.03,8,14,1217958
R0352,JANIPUR ↔ GREATER KAILASH FAWARA CHOWK,RETAINED_AS_FEEDER,FDR-043,23,15,152227,8407.54,759.42,9166.96,16,8,1217816
R0615,PALOURA ↔ SAHZATPUR,RETAINED_AS_FEEDER,FDR-253,20,15,241040,4425.51,156.06,4581.57,10,5,1205200
R0158,BAKSHI NAGAR ↔ DOUNGIAN,RETAINED_AS_FEEDER,FDR-162,31,15,75131,6008.56,219.93,6228.49,5,16,1202096
R0156,BAKSHI NAGAR ↔ DOUNGIAN,RETAINED_AS_FEEDER,FDR-161,31,15,75131,6008.56,219.93,6228.49,5,16,1202096
R0610,PALOURA ↔ PARWAHA SAHZADPUR,RETAINED_AS_FEEDER,FDR-213,21,15,198938,5333.46,227.88,5561.34,10,6,1193628
R0456,KUNJWANI ↔ BISHNAH,MERGED_INTO_TRUNK,TRK-003,31,5,45183,2288.56,0.0,2288.56,0,26,1174758
R0455,KUNJWANI ↔ BISHNAH,MERGED_INTO_TRUNK,TRK-003,31,5,45183,2288.56,0.0,2288.56,0,26,1174758
R0302,JANIPUR ↔ LAHORI CHAK,RETAINED_AS_FEEDER,FDR-284,32,15,68918,3635.87,0.0,3635.87,0,17,1171606
R0742,ROOP NAGAR ↔ KANACHAK LALYAL,RETAINED_AS_FEEDER,FDR-177,22,15,167258,5786.47,242.17,6028.64,7,7,1170806
R0247,JANIPUR ↔ TOP MANASA,RETAINED_AS_FEEDER,FDR-271,30,15,77385,3685.18,297.63,3982.81,7,15,1160775
R0048,AMPHALLA ↔ SIMBAL CAMP,RETAINED_AS_FEEDER,FDR-218,26,15,104656,4864.55,522.92,5387.47,12,11,1151216
R0572,NARWAL BALA ↔ SERI PANDITA,RETAINED_AS_FEEDER,FDR-179,24,15,121538,5456.74,460.2,5916.94,11,9,1093842
R0004,AMBPHALA ↔ BADORI SMAILPUR,RETAINED_AS_FEEDER,FDR-126,21,15,181256,6498.96,510.94,7009.9,15,6,1087536
R0619,PANJHIRTHI ↔ TRIKUTA NAGAR,RETAINED_AS_FEEDER,FDR-039,32,15,63204,8786.88,590.85,9377.73,5,17,1074468
R0682,PANJTIRTHI ↔ FAWARA CHOWK GREATER KAILASH,RETAINED_AS_FEEDER,FDR-053,22,15,152868,8448.55,414.5,8863.05,9,7,1070076
R0734,RAIKA ↔ VIJAYPUR,RETAINED_AS_FEEDER,FDR-287,21,15,175933,3360.06,171.89,3531.95,9,6,1055598
R0097,AMPHALLA ↔ GHO MANHASAN,RETAINED_AS_FEEDER,FDR-145,27,15,87392,5981.25,547.53,6528.78,8,12,1048704
R0351,JANIPUR ↔ SMAILPUR,RETAINED_AS_FEEDER,FDR-079,21,15,173395,7752.27,603.57,8355.84,15,6,1040370
R0340,JANIPUR ↔ SMAILPUR,RETAINED_AS_FEEDER,FDR-078,21,15,173395,7752.27,603.57,8355.84,15,6,1040370
R0522,MUTHI CAMP ↔ BAHU FORT,RETAINED_AS_FEEDER,FDR-090,25,15,103302,7511.78,490.84,8002.62,9,10,1033020
R0305,JANIPUR ↔ CHANNI HIMMAT,RETAINED_AS_FEEDER,FDR-088,25,15,102683,7477.64,673.61,8151.25,10,10,1026830
R0323,JANIPUR ↔ GHO MANHASAN,RETAINED_AS_FEEDER,FDR-247,31,15,62576,4660.11,0.0,4660.11,0,16,1001216
R0262,JANIPUR ↔ KOTLI MIAN FETHY,RETAINED_AS_FEEDER,FDR-222,23,15,124779,4943.9,416.02,5359.92,12,8,998232
R0301,JANIPUR ↔ BARI BRAHMANA,RETAINED_AS_FEEDER,FDR-056,21,15,165959,8107.82,659.53,8767.35,15,6,995754
R0697,PANJTIRTHI ↔ KUNJWANI TALAB,RETAINED_AS_FEEDER,FDR-133,22,15,136263,6687.75,110.43,6798.18,3,7,953841
R0669,PANJTIRTHI ↔ KUNJWANI TALAB,RETAINED_AS_FEEDER,FDR-132,22,15,136263,6687.75,110.43,6798.18,3,7,953841
R0066,AMPHALLA ↔ SIMBAL CAMP,RETAINED_AS_FEEDER,FDR-216,24,15,104198,4897.44,528.76,5426.2,12,9,937782
R0194,BAWA TALAB ↔ GHO MANHASA,RETAINED_AS_FEEDER,FDR-267,32,15,54675,4115.23,0.0,4115.23,0,17,929475
R0095,AMPHALLA ↔ KOTLI BISHNAH,RETAINED_AS_FEEDER,FDR-270,22,15,130739,3640.44,375.91,4016.35,15,7,915173
R0222,HIGH COURT JANIPUR GRID STAION ↔ BISHNAH,RETAINED_AS_FEEDER,FDR-250,23,15,114270,4274.01,345.98,4619.99,10,8,914160
R0584,NEW HIGH COURT JANIPUR ↔ BISHNAH,RETAINED_AS_FEEDER,FDR-251,23,15,114270,4274.01,345.98,4619.99,10,8,914160
R0023,AMPHALLA ↔ SARORE,RETAINED_AS_FEEDER,FDR-084,21,15,151896,7442.6,759.47,8202.07,17,6,911376
R0582,NARWAL PAIN CDA ROAD ↔ KOTLI JEEVAN NAGAR,RETAINED_AS_FEEDER,FDR-240,41,15,34663,4736.68,136.65,4873.33,1,26,901238
R0429,J D A COMPLEX NEW PLOT ↔ SUJWAN,RETAINED_AS_FEEDER,FDR-187,19,15,225166,5365.95,393.21,5759.16,18,4,900664
R0741,ROOP NAGAR ↔ CHATHA MILL,RETAINED_AS_FEEDER,FDR-131,22,15,128119,6498.22,367.72,6865.94,8,7,896833
R0412,JANIPUR GRID STATION ↔ BISHNAH,RETAINED_AS_FEEDER,FDR-236,23,15,110735,4625.14,344.58,4969.72,9,8,885880
R0253,JANIPUR ↔ BISHNAH,RETAINED_AS_FEEDER,FDR-137,22,15,124970,6205.06,521.35,6726.41,12,7,874790
R0654,PANJTIRTHI ↔ GOLE GUJRAL,RETAINED_AS_FEEDER,FDR-030,29,15,61708,8635.32,979.57,9614.89,7,14,863912
R0117,AMPHALLA ↔ KHARIAN,RETAINED_AS_FEEDER,FDR-087,24,15,95229,7279.39,879.07,8158.46,13,9,857061
R0525,MUTHI MIGRANT CAMP PHASE II ↔ BAHUFORT,RETAINED_AS_FEEDER,FDR-170,22,15,121863,5810.75,369.54,6180.29,10,7,853041
R0168,BAKSHI NAGAR PULLI ↔ GHO MANHASAN SAAGNI,RETAINED_AS_FEEDER,FDR-197,27,15,71005,5604.18,78.93,5683.11,1,12,852060
R0415,JANIPUR HIGH COURT ↔ GANGYAL,RETAINED_AS_FEEDER,FDR-092,25,15,84993,7602.92,313.09,7916.01,5,10,849930
R0339,JANIPUR ↔ KOTLI MIAN FETHY,RETAINED_AS_FEEDER,FDR-239,21,15,141628,4556.45,369.98,4926.43,13,6,849768
R0134,BABA TALAB ↔ MARH GAJANSOO,RETAINED_AS_FEEDER,FDR-001,28,15,63794,9075.83,284.54,9360.37,2,13,829322
R0489,MAHESHPURA ↔ GHO MANHASAN,RETAINED_AS_FEEDER,FDR-285,25,15,82508,3578.28,43.37,3621.65,1,10,825080
R0131,AMPHALLA ↔ GOLE GUJRAL KHARIAN,RETAINED_AS_FEEDER,FDR-015,29,15,58558,9303.78,1271.05,10574.83,8,14,819812
R0089,AMPHALLA ↔ SUNJWAN,RETAINED_AS_FEEDER,FDR-105,25,15,81248,6628.7,795.46,7424.16,12,10,812480
R0414,JANIPUR GRID STATION ↔ BISHNAH,RETAINED_AS_FEEDER,FDR-226,21,15,135053,4935.97,383.76,5319.73,12,6,810318
R0420,JANIPUR HOUSING COLONY ↔ BARI BRAH  SMAILPUR,RETAINED_AS_FEEDER,FDR-130,19,15,201429,6493.73,394.92,6888.65,13,4,805716
R0208,BSF PALOURA ↔ LAHORI CHACK,RETAINED_AS_FEEDER,FDR-286,28,15,61603,3539.59,0.0,3539.59,0,13,800839
R0030,AMPHALLA ↔ KHERI REHAL,RETAINED_AS_FEEDER,FDR-243,22,15,112695,4365.99,484.27,4850.26,14,7,788865
R0748,ROOP NAGAR HOUSING COLONY ↔ SIMBAL CAMP,RETAINED_AS_FEEDER,FDR-198,21,15,130688,5306.05,375.56,5681.61,10,6,784128
R0075,AMPHALLA ↔ CHOWADI BIRPUR,RETAINED_AS_FEEDER,FDR-175,23,15,97628,5664.19,377.12,6041.31,8,8,781024
R0322,JANIPUR ↔ SUNJWAN,RETAINED_AS_FEEDER,FDR-118,22,15,111262,6785.92,503.17,7289.09,9,7,778834
R0698,PANJTIRTHI ↔ PATTA BOHRI,RETAINED_AS_FEEDER,FDR-019,27,15,64866,9133.48,985.64,10119.12,7,12,778392
R0767,SATWARI ↔ CHANNI THALWAL,RETAINED_AS_FEEDER,FDR-224,25,15,77726,5205.68,133.95,5339.63,2,10,777260
R0746,ROOP NAGAR ↔ MISHRIWALA,RETAINED_AS_FEEDER,FDR-104,20,15,153948,7145.08,324.89,7469.97,7,5,769740
R0336,JANIPUR ↔ BHATHINDI,RETAINED_AS_FEEDER,FDR-117,24,15,84484,6728.58,577.41,7305.99,8,9,760356
R0094,AMPHALLA ↔ BISHNAH,RETAINED_AS_FEEDER,FDR-141,22,15,107644,5903.48,685.53,6589.01,14,7,753508
R0083,AMPHALLA ↔ REHAL SAIDGARH BARI BRAHMANA SARORE,RETAINED_AS_FEEDER,FDR-049,20,15,150206,8196.33,845.79,9042.12,17,5,751030
R0477,MAHESHPURA ↔ MARH,RETAINED_AS_FEEDER,FDR-235,25,15,73198,5012.19,0.0,5012.19,0,10,731980
R0201,BIKRAM CHOWK ↔ CAMP GOLE GOJRAL,UPGRADED_TO_TRUNK,TRK-006,19,5,52037,8684.41,375.5,9059.91,3,14,728518
R0794,VIKRAM CHOWK ↔ CAMP GOLE GUJRAL,MERGED_INTO_TRUNK,TRK-006,19,5,52037,8684.41,375.5,9059.91,3,14,728518
R0257,JANIPUR ↔ BISHNAH,RETAINED_AS_FEEDER,FDR-241,21,15,120154,4515.03,347.59,4862.62,10,6,720924
R0324,JANIPUR ↔ SHASTRI NAGAR,RETAINED_AS_FEEDER,FDR-036,23,15,89853,8719.36,752.06,9471.42,10,8,718824
R0127,AMPHALLA ↔ BHATHINDI,RETAINED_AS_FEEDER,FDR-139,26,15,64728,6290.38,340.14,6630.52,5,11,712008
R0365,JANIPUR ↔ NADI KHAPPAR,RETAINED_AS_FEEDER,FDR-302,21,15,117220,2623.31,167.85,2791.16,9,6,703320
R0054,AMPHALLA ↔ GANGYAL,RETAINED_AS_FEEDER,FDR-238,23,15,87531,4469.29,472.3,4941.59,10,8,700248
R0514,MAHESPURA ↔ LAHORI CHACK GHOU MANHASAN,RETAINED_AS_FEEDER,FDR-184,24,15,76279,5755.17,75.45,5830.62,1,9,686511
R0471,MAHESHPURA ↔ GHOU MANHASAN,RETAINED_AS_FEEDER,FDR-183,24,15,76279,5755.17,75.45,5830.62,1,9,686511
R0212,BUS STAND MAHESHPURA ↔ GHO MANHASAN LAHORI CHAK,RETAINED_AS_FEEDER,FDR-182,24,15,76279,5755.17,75.45,5830.62,1,9,686511
R0295,JANIPUR ↔ GUJJAR NAGAR,RETAINED_AS_FEEDER,FDR-114,18,15,224600,6941.74,401.79,7343.53,16,3,673800
R0266,JANIPUR ↔ SANGRAMPUR,RETAINED_AS_FEEDER,FDR-098,22,15,96253,7218.61,449.98,7668.59,6,7,673771
R0478,MAHESHPURA ↔ BAGGA JANA,RETAINED_AS_FEEDER,FDR-199,21,15,112205,5358.15,310.4,5668.55,8,6,673230
R0274,JANIPUR ↔ MUTHI VILLAGE,RETAINED_AS_FEEDER,FDR-046,21,15,111950,8600.95,537.8,9138.75,7,6,671700
R0769,SATWARI ↔ BADYAL,RETAINED_AS_FEEDER,FDR-291,19,15,167615,3187.75,114.11,3301.86,6,4,670460
R0074,AMPHALLA ↔ CHANNI HIMMAT,RETAINED_AS_FEEDER,FDR-115,24,15,74483,6919.64,418.06,7337.7,6,9,670347
R0345,JANIPUR ↔ CHATHA,RETAINED_AS_FEEDER,FDR-140,21,15,111555,6212.69,403.76,6616.45,8,6,669330
R0256,JANIPUR ↔ SUNJWAN,RETAINED_AS_FEEDER,FDR-111,21,15,110936,6865.28,510.55,7375.83,9,6,665616
R0291,JANIPUR ↔ LADORE,RETAINED_AS_FEEDER,FDR-124,20,15,132071,6716.04,355.96,7072.0,7,5,660355
R0299,JANIPUR ↔ LADORE,RETAINED_AS_FEEDER,FDR-125,20,15,132071,6716.04,355.96,7072.0,7,5,660355
R0289,JANIPUR ↔ MALKEY CHAK MAKWAL,RETAINED_AS_FEEDER,FDR-322,21,15,109774,1850.48,139.07,1989.55,9,6,658644
R0282,JANIPUR ↔ MAKWAL CAMP,RETAINED_AS_FEEDER,FDR-321,21,15,109774,1850.48,139.07,1989.55,9,6,658644
R0275,JANIPUR ↔ SUM TOPH MAKWAL,RETAINED_AS_FEEDER,FDR-320,21,15,109774,1850.48,139.07,1989.55,9,6,658644
R0184,BANTALAB ↔ TRIKUTA NAGAR,RETAINED_AS_FEEDER,FDR-032,21,15,108616,8647.77,895.7,9543.47,12,6,651696
R0195,BAWA TALAB ↔ MARH,MERGED_INTO_TRUNK,TRK-001,22,5,37888,3221.49,0.0,3221.49,0,17,644096
R0133,BABA TALAB ↔ MARH,UPGRADED_TO_TRUNK,TRK-001,22,5,37888,3221.49,0.0,3221.49,0,17,644096
R0008,AMBPHALLA ↔ BATHINDI,RETAINED_AS_FEEDER,FDR-136,25,15,64345,6379.64,347.02,6726.66,5,10,643450
R0332,JANIPUR ↔ KARWAL,RETAINED_AS_FEEDER,FDR-268,23,15,80214,3810.1,296.87,4106.97,7,8,641712
R0594,PAJJTHIRTHI ↔ NARI KHEPAR,RETAINED_AS_FEEDER,FDR-255,21,15,105967,4365.09,175.07,4540.16,5,6,635802
R0554,NARWAL ↔ SHOA JANDIAL,RETAINED_AS_FEEDER,FDR-245,20,15,126475,4447.24,342.84,4790.08,12,5,632375
R0418,JANIPUR HOUSING COLONY ↔ TRIKUTA NAGAR,RETAINED_AS_FEEDER,FDR-035,22,15,89111,8304.07,1188.15,9492.22,15,7,623777
R0199,B C ROAD ↔ KATTAL BATTAL,UPGRADED_TO_TRUNK,TRK-002,20,5,41313,2605.35,204.96,2810.31,4,15,619695
R0163,BAKSHI NAGAR PULI ↔ BARNAI BANTALAB,RETAINED_AS_FEEDER,FDR-044,25,15,61663,8230.51,934.33,9164.84,7,10,616630
R0411,JANIPUR COLONY ↔ CHANNI HIMMAT,RETAINED_AS_FEEDER,FDR-072,21,15,102512,7737.92,660.48,8398.4,11,6,615072
R0546,NARWAL ↔ GHO MANHASAN,RETAINED_AS_FEEDER,FDR-176,21,15,101456,5880.83,159.4,6040.23,5,6,608736
R0373,JANIPUR ↔ SIMBAL CAMP,RETAINED_AS_FEEDER,FDR-209,20,15,121266,5178.1,394.98,5573.08,10,5,606330
R0424,JANIPUR HOUSING COLONY ↔ BARI BRAH  SMAILPUR,RETAINED_AS_FEEDER,FDR-128,18,15,201250,6537.91,397.96,6935.87,13,3,603750
R0480,MAHESHPURA ↔ JHIRI KALYANPUR,RETAINED_AS_FEEDER,FDR-185,20,15,120084,5671.56,94.46,5766.02,2,5,600420
R0317,JANIPUR ↔ KANA CHAK LALYAL,RETAINED_AS_FEEDER,FDR-181,19,15,150098,5578.4,260.16,5838.56,7,4,600392
R0593,PAJJTHIRTHI ↔ NARI KHEPAR,RETAINED_AS_FEEDER,FDR-173,20,15,119737,5781.6,313.86,6095.46,8,5,598685
R0693,PANJTIRTHI ↔ FAWARA CHOWK GREATER KAILASH,RETAINED_AS_FEEDER,FDR-050,20,15,116510,8770.04,263.46,9033.5,5,5,582550
R0792,SATWARI TO ↔ REHAL,RETAINED_AS_FEEDER,FDR-307,27,15,48190,2421.85,100.51,2522.36,2,12,578280
R0617,PALOURA TO ↔ RAIPUR SUNDWAN,RETAINED_AS_FEEDER,FDR-228,26,15,52210,5116.62,98.0,5214.62,1,11,574310
R0087,AMPHALLA ↔ BADHORI,RETAINED_AS_FEEDER,FDR-212,18,15,191294,5150.34,417.32,5567.66,17,3,573882
R0137,BAHU FORT ↔ KUNJWANI,RETAINED_AS_FEEDER,FDR-102,22,15,81325,7176.58,352.98,7529.56,4,7,569275
R0145,BAHU FORT ↔ KUNWANI,RETAINED_AS_FEEDER,FDR-103,22,15,81325,7176.58,352.98,7529.56,4,7,569275
R0700,PANJTIRTHI ↔ CHANNI HIMMAT,RETAINED_AS_FEEDER,FDR-171,24,15,62582,5879.0,258.34,6137.34,5,9,563238
R0427,JANIPUR LAKKAR MANDI ↔ CHATHA,RETAINED_AS_FEEDER,FDR-142,20,15,112511,6181.92,398.35,6580.27,8,5,562555
R0140,BAHU FORT ↔ RAIPUR,RETAINED_AS_FEEDER,FDR-316,20,15,112350,2051.38,118.68,2170.06,8,5,561750
R0775,SATWARI ↔ SHER E KASHMIR UNIVERSITY,RETAINED_AS_FEEDER,FDR-195,22,15,80056,5447.84,238.18,5686.02,5,7,560392
R0215,CANAL HEAD ↔ GHO MANHASAN,RETAINED_AS_FEEDER,FDR-192,23,15,69123,5551.16,160.62,5711.78,2,8,552984
R0132,AMPHALLA ↔ MARALIAN MAMKA KHOUR,RETAINED_AS_FEEDER,FDR-261,21,15,92126,3992.63,444.22,4436.85,11,6,552756
R0731,POONCH COLONY BANTALAB ↔ SHASTRI NAGAR,RETAINED_AS_FEEDER,FDR-038,20,15,110194,8673.96,767.47,9441.43,12,5,550970
R0377,JANIPUR COLONEY ↔ SMAILPUR,RETAINED_AS_FEEDER,FDR-083,18,15,178181,7658.43,580.25,8238.68,15,3,534543
R0177,BAKSHI NAGAR PULLI ↔ CHAK JAFFAR,RETAINED_AS_FEEDER,FDR-263,21,15,88998,4087.35,321.48,4408.83,7,6,533988
R0152,BAHU FORT ↔ NAGROTA,RETAINED_AS_FEEDER,FDR-002,23,15,66225,4604.71,347.66,4952.37,8,8,529800
R0588,NEW HIGH COURT JANIPUR ↔ BADORI,RETAINED_AS_FEEDER,FDR-101,18,15,175764,6972.83,575.24,7548.07,16,3,527292
R0791,SATWARI (CANTONMENT BOARD GROUND ↔ SHER E KASHMIR UNIVERSITY,RETAINED_AS_FEEDER,FDR-191,22,15,75066,5464.11,254.77,5718.88,5,7,525462
R0727,PARADE ↔ PALOURA,RETAINED_AS_FEEDER,FDR-007,25,15,52397,8046.22,767.81,8814.03,5,10,523970
R0441,KOTLI HARI SINGH ↔ AKHNOOR,RETAINED_AS_FEEDER,FDR-323,20,15,104581,1833.76,140.27,1974.03,8,5,522905
R0211,BUS STAND K C ↔ BANTALAB UPPER THATHAR,RETAINED_AS_FEEDER,FDR-148,26,15,47467,6378.26,0.0,6378.26,0,11,522137
R0217,CHANNI HIMMAT ↔ RAIPUR KHERI,RETAINED_AS_FEEDER,FDR-201,21,15,86394,5149.55,476.84,5626.39,11,6,518364
R0437,KERAN ↔ NARI KHAPPAR,RETAINED_AS_FEEDER,FDR-304,21,15,86145,2568.81,119.28,2688.09,4,6,516870
R0445,KUNJWANI ↔ KOTLI MIAN FATHEY,UPGRADED_TO_TRUNK,TRK-004,20,5,34307,3871.68,0.0,3871.68,0,15,514605
R0461,KUNJWANI ↔ KOTLI MIAN FATEH,MERGED_INTO_TRUNK,TRK-004,20,5,34307,3871.68,0.0,3871.68,0,15,514605
R0457,KUNJWANI ↔ KOTLI MIAN FATHE,MERGED_INTO_TRUNK,TRK-004,20,5,34307,3871.68,0.0,3871.68,0,15,514605
R0778,SATWARI ↔ HAKKAL,RETAINED_AS_FEEDER,FDR-223,21,15,85577,5138.83,210.17,5349.0,5,6,513462
R0166,BAKSHI NAGAR PULLI ↔ BARNAI,RETAINED_AS_FEEDER,FDR-095,21,15,83088,7222.53,608.48,7831.01,7,6,498528
R0304,JANIPUR ↔ KHAIRI REHAL,RETAINED_AS_FEEDER,FDR-298,23,15,61783,2711.09,230.37,2941.46,6,8,494264
R0521,MUTHI ↔ BAHUFORT,RETAINED_AS_FEEDER,FDR-099,20,15,96722,7025.13,562.9,7588.03,10,5,483610
R0523,MUTHI GAON ↔ BAHU FORT,RETAINED_AS_FEEDER,FDR-100,20,15,96722,7025.13,562.9,7588.03,10,5,483610
R0025,AMPHALLA ↔ KHERIAN,RETAINED_AS_FEEDER,FDR-070,18,15,158858,7682.84,797.99,8480.83,18,3,476574
R0216,CHANNI HIMMAT ↔ RAIPUR,RETAINED_AS_FEEDER,FDR-230,23,15,59107,4920.25,166.49,5086.74,2,8,472856
R0119,AMPHALLA ↔ MAKWAL CAMP MANDAL PHALLIAN,RETAINED_AS_FEEDER,FDR-327,20,15,93667,1638.17,179.26,1817.43,11,5,468335
R0049,AMPHALLA ↔ SAMILPUR,RETAINED_AS_FEEDER,FDR-067,18,15,155906,7800.76,775.54,8576.3,17,3,467718
R0279,JANIPUR ↔ TRIKUTA NAGAR,RETAINED_AS_FEEDER,FDR-025,20,15,93354,9034.55,943.58,9978.13,12,5,466770
R0001,AIRPORT RANIBAGH LALYAL ↔ JEWEL AKHNOOR ROAD,RETAINED_AS_FEEDER,FDR-297,18,15,154010,2895.8,56.41,2952.21,3,3,462030
R0379,JANIPUR COLONY ↔ CHATTA,RETAINED_AS_FEEDER,FDR-180,20,15,91793,5506.81,374.95,5881.76,7,5,458965
R0151,BAHU FORT ↔ BANTALAB OLD MOHALLA,RETAINED_AS_FEEDER,FDR-080,20,15,91307,7603.21,728.62,8331.83,11,5,456535
R0493,MAHESHPURA ↔ KARLOOP FLOORA,RETAINED_AS_FEEDER,FDR-232,21,15,74486,4999.4,67.12,5066.52,1,6,446916
R0500,MAHESH PURA ↔ MARH KARLOOP,RETAINED_AS_FEEDER,FDR-233,21,15,74486,4999.4,67.12,5066.52,1,6,446916
R0263,JANIPUR ↔ CHATHA,RETAINED_AS_FEEDER,FDR-138,19,15,111247,6278.4,409.17,6687.57,8,4,444988
R0251,JANIPUR ↔ TRIKUTA NAGAR,RETAINED_AS_FEEDER,FDR-026,20,15,88527,8603.21,1239.07,9842.28,15,5,442635
R0103,AMPHALLA ↔ BANTALAB BAJWAN,RETAINED_AS_FEEDER,FDR-045,23,15,55144,8243.98,897.0,9140.98,6,8,441152
R0552,NARWAL ↔ LALYAL,RETAINED_AS_FEEDER,FDR-292,23,15,53861,3204.1,59.49,3263.59,1,8,430888
R0321,JANIPUR ↔ KUNJWANI B C ROAD,RETAINED_AS_FEEDER,FDR-054,18,15,139760,8189.38,659.21,8848.59,12,3,419280
R0341,JANIPUR ↔ MISHRIWALA,RETAINED_AS_FEEDER,FDR-113,18,15,136867,7001.59,358.09,7359.68,7,3,410601
R0319,JANIPUR ↔ BISHNAH,RETAINED_AS_FEEDER,FDR-147,18,15,135724,5925.78,458.44,6384.22,12,3,407172
R0428,JANIPUR TO ↔ MAKWAL,RETAINED_AS_FEEDER,FDR-334,21,15,67590,1580.87,122.79,1703.66,6,6,405540
R0413,JANIPUR GRID STATION ↔ MAKWAL,RETAINED_AS_FEEDER,FDR-333,21,15,67590,1580.87,122.79,1703.66,6,6,405540
R0073,AMPHALLA ↔ BATHINDI,RETAINED_AS_FEEDER,FDR-051,22,15,57675,8512.92,516.61,9029.53,5,7,403725
R0612,PALOURA ↔ HALKA MARH,RETAINED_AS_FEEDER,FDR-282,24,15,44394,3663.17,82.52,3745.69,1,9,399546
R0186,BANTALAB ↔ SMAILPUR,RETAINED_AS_FEEDER,FDR-073,17,15,199509,7776.31,604.15,8380.46,17,2,399018
R0190,BAN TALAB ↔ SMAILPUR,RETAINED_AS_FEEDER,FDR-075,17,15,199509,7776.31,604.15,8380.46,17,2,399018
R0187,BANTALAB ↔ SMAILPUR,RETAINED_AS_FEEDER,FDR-074,17,15,199509,7776.31,604.15,8380.46,17,2,399018
R0233,JAMMU BUS STAND ↔ MATHWAR,RETAINED_AS_FEEDER,FDR-336,20,15,78076,1614.17,62.02,1676.19,6,5,390380
R0728,PATTA BOHRI ↔ LAHORI CHAK,RETAINED_AS_FEEDER,FDR-294,25,15,38920,3229.34,0.0,3229.34,0,10,389200
R0264,JANIPUR ↔ CHANNI HIMMAT,RETAINED_AS_FEEDER,FDR-068,19,15,96937,7863.79,709.82,8573.61,11,4,387748
R0071,AMPHALLA ↔ BOHRI,RETAINED_AS_FEEDER,FDR-010,22,15,55285,9783.22,1238.72,11021.94,7,7,386995
R0053,AMPHALLA ↔ TRIKUTA NAGAR,RETAINED_AS_FEEDER,FDR-012,20,15,76855,9286.49,1540.6,10827.09,15,5,384275
R0050,AMPHALLA ↔ BARUIE KARWAL,RETAINED_AS_FEEDER,FDR-281,21,15,62659,3313.54,436.28,3749.82,9,6,375954
R0608,PALOURA ↔ JASWAN,RETAINED_AS_FEEDER,FDR-295,23,15,46818,2970.5,63.45,3033.95,1,8,374544
R0397,JANIPUR COLONY ↔ SIMBLE CAMP,RETAINED_AS_FEEDER,FDR-301,21,15,60713,2707.14,89.18,2796.32,2,6,364278
R0776,SATWARI ↔ KARWAL,RETAINED_AS_FEEDER,FDR-355,33,15,20149,766.59,0.0,766.59,0,18,362682
R0209,BSF PALOURA ↔ MARH HALQA,RETAINED_AS_FEEDER,FDR-283,23,15,45137,3601.16,79.78,3680.94,1,8,361096
R0399,JANIPUR COLONY ↔ SMAILPUR,RETAINED_AS_FEEDER,FDR-081,17,15,178151,7736.28,586.24,8322.52,15,2,356302
R0488,MAHESHPURA ↔ SUNJWAN,RETAINED_AS_FEEDER,FDR-135,20,15,71025,6502.93,251.79,6754.72,5,5,355125
R0568,NARWAL ↔ GASHI LADORE,RETAINED_AS_FEEDER,FDR-157,18,15,118310,6197.81,91.68,6289.49,4,3,354930
R0206,B S F CAMPUS PALOURA ↔ KARLOOP,RETAINED_AS_FEEDER,FDR-289,23,15,44078,3513.03,0.0,3513.03,0,8,352624
R0060,AMPHALLA ↔ BISHNAH,RETAINED_AS_FEEDER,FDR-163,18,15,116620,5579.1,645.84,6224.94,15,3,349860
R0059,AMPHALLA ↔ BATHINDI,RETAINED_AS_FEEDER,FDR-107,21,15,57360,6986.6,426.31,7412.91,5,6,344160
R0599,PALOURA ↔ SMAILPUR SAJADPUR MARH,RETAINED_AS_FEEDER,FDR-091,17,15,171597,7551.02,374.04,7925.06,10,2,343194
R0725,PANTIRATHI ↔ JAGTI MIGRANT CAMP,RETAINED_AS_FEEDER,FDR-332,30,15,22759,1686.48,18.53,1705.01,1,15,341385
R0466,MAHESHPURA ↔ MAKWAL CAMP,RETAINED_AS_FEEDER,FDR-339,19,15,82014,1469.21,58.22,1527.43,4,4,328056
R0656,PANJTIRTHI ↔ TALAB TILLO,RETAINED_AS_FEEDER,FDR-097,20,15,63636,6898.21,867.21,7765.42,8,5,318180
R0014,AMBPHALLA ↔ BADHAI KARWAL,RETAINED_AS_FEEDER,FDR-279,20,15,62314,3337.12,441.81,3778.93,9,5,311570
R0067,AMPHALLA ↔ BARUIE KARWAL,RETAINED_AS_FEEDER,FDR-280,20,15,62314,3337.12,441.81,3778.93,9,5,311570
R0566,NARWAL ↔ GAJANSOO DEOSA NAPU,RETAINED_AS_FEEDER,FDR-249,18,15,103817,4510.84,119.49,4630.33,5,3,311451
R0760,SATWARI ↔ PHALLA MANDAL,RETAINED_AS_FEEDER,FDR-335,40,15,12335,1684.42,0.0,1684.42,0,25,308375
R0157,BAKSHI NAGAR ↔ HIRA CHAK GADLA,RETAINED_AS_FEEDER,FDR-231,18,15,102243,5031.15,49.21,5080.36,1,3,306729
R0009,AMBPHALLA ↔ BIRPUR,RETAINED_AS_FEEDER,FDR-129,18,15,102222,6137.25,765.49,6902.74,15,3,306666
R0544,NARWAL ↔ HALQA MARH CHAFFER CHAK,RETAINED_AS_FEEDER,FDR-214,18,15,100840,5339.97,198.58,5538.55,6,3,302520
R0366,JANIPUR ↔ MARJALI,RETAINED_AS_FEEDER,FDR-165,17,15,148251,5939.54,280.45,6219.99,7,2,296502
R0183,BAKSHI NAGAR PULLI NEAR JIC ↔ LALYAL,RETAINED_AS_FEEDER,FDR-293,21,15,47339,3152.57,83.24,3235.81,2,6,284034
R0398,JANIPUR COLONY ↔ BISHNAH,RETAINED_AS_FEEDER,FDR-160,17,15,138554,5786.34,480.27,6266.61,13,2,277108
R0719,PANJTRITHI ↔ BATHINDI,RETAINED_AS_FEEDER,FDR-178,21,15,46169,5705.51,216.26,5921.77,4,6,277014
R0644,PANJTHIRTHI ↔ JAGTI,RETAINED_AS_FEEDER,FDR-352,32,15,16108,1092.22,16.95,1109.17,1,17,273836
R0181,BAKSHI NAGAR PULLI JIC ↔ HALKA MARH,RETAINED_AS_FEEDER,FDR-306,17,15,135321,2567.47,18.97,2586.44,1,2,270642
R0558,NARWAL ↔ KUNJWANI,RETAINED_AS_FEEDER,FDR-031,19,15,66918,9055.21,541.27,9596.48,4,4,267672
R0202,BIKRAM CHOWK WARE HOUSE BRIDGE ↔ RAIPUR,RETAINED_AS_FEEDER,FDR-305,31,15,16266,2629.91,40.42,2670.33,1,16,260256
R0600,PALOURA ↔ CHATHA GURJAN BLOCK MARH,RETAINED_AS_FEEDER,FDR-063,18,15,84281,8342.18,346.43,8688.61,5,3,252843
R0369,JANIPUR ↔ KHAIRI REHAL,RETAINED_AS_FEEDER,FDR-309,20,15,50535,2236.85,265.58,2502.43,6,5,252675
R0311,JANIPUR ↔ KHAIRI REHAL,RETAINED_AS_FEEDER,FDR-308,20,15,50535,2236.85,265.58,2502.43,6,5,252675
R0754,SATWARI ↔ RAMBAGH KULLIAN,RETAINED_AS_FEEDER,FDR-331,36,15,11886,1752.32,0.0,1752.32,0,21,249606
R0663,PANJTIRTHI ↔ TALAB TILLO BOHRI GOLE PULLI,RETAINED_AS_FEEDER,FDR-040,21,15,41567,9204.38,0.0,9204.38,0,6,249402
R0665,PANJTIRTHI ↔ GOLE PULLI TALAB TILLO BOHRI,RETAINED_AS_FEEDER,FDR-041,21,15,41567,9204.38,0.0,9204.38,0,6,249402
R0203,BIKRAM CHOWK WARE HOUSE BRIDGE ↔ RAIPUR,RETAINED_AS_FEEDER,FDR-312,27,15,20702,2302.27,27.8,2330.07,1,12,248424
R0759,SATWARI ↔ CHANNI  THALWAL,RETAINED_AS_FEEDER,FDR-351,28,15,18906,1202.67,0.0,1202.67,0,13,245778
R0674,PANJTIRTHI ↔ CHHIBA BAMYAL,RETAINED_AS_FEEDER,FDR-356,28,15,18731,722.28,9.64,731.92,1,13,243503
R0491,MAHESHPURA ↔ JHIRI KANA CHAK,RETAINED_AS_FEEDER,FDR-189,17,15,120308,5636.88,93.71,5730.59,2,2,240616
R0481,MAHESHPURA ↔ MARJALI,RETAINED_AS_FEEDER,FDR-190,17,15,119946,5636.3,93.98,5730.28,2,2,239892
R0779,SATWARI ↔ MAKWAL,RETAINED_AS_FEEDER,FDR-348,19,15,59843,1259.64,42.1,1301.74,2,4,239372
R0605,PALOURA ↔ CHIRI KANA CHAK,RETAINED_AS_FEEDER,FDR-256,18,15,78063,4507.1,0.0,4507.1,0,3,234189
R0459,KUNJWANI ↔ NARWAL,RETAINED_AS_FEEDER,FDR-093,18,15,77866,7510.22,385.8,7896.02,4,3,233598
R0543,NARWAL ↔ HIRACHAK GARDLA,RETAINED_AS_FEEDER,FDR-005,22,15,32994,3556.54,107.79,3664.33,1,7,230958
R0529,NAGROTA ↔ BAMYAL,RETAINED_AS_FEEDER,FDR-357,35,15,10911,560.08,0.0,560.08,0,20,218220
R0029,AMPHALLA ↔ KATTAL BATAL,MERGED_INTO_TRUNK,TRK-002,11,5,34791,2329.03,150.62,2479.65,3,6,208746
R0109,AMPHALLA ↔ PATTI,RETAINED_AS_FEEDER,FDR-290,17,15,103523,3146.88,341.98,3488.86,12,2,207046
R0577,NARWAL MANDI ↔ MAKWAL,RETAINED_AS_FEEDER,FDR-353,19,15,49700,1050.94,42.29,1093.23,2,4,198800
R0207,B S F PALOURA ↔ PATNYAL,RETAINED_AS_FEEDER,FDR-257,20,15,39530,4474.25,0.0,4474.25,0,5,197650
R0614,PALOURA ↔ AKALPUR PATNYAL,RETAINED_AS_FEEDER,FDR-258,20,15,39530,4474.25,0.0,4474.25,0,5,197650
R0362,JANIPUR ↔ BADYAL BRAHMNA VIA KULLIAN JASSORE,RETAINED_AS_FEEDER,FDR-018,20,15,38938,8990.53,1154.47,10145.0,5,5,194690
R0077,AMPHALLA ↔ CHOWADI BIRPUR,RETAINED_AS_FEEDER,FDR-144,17,15,97007,6139.29,411.37,6550.66,8,2,194014
R0781,SATWARI ↔ HAKKAL,RETAINED_AS_FEEDER,FDR-310,24,15,21212,2497.0,0.0,2497.0,0,9,190908
R0225,INDIRA CHOWK ↔ JAGTI MIGRANT CAMP,RETAINED_AS_FEEDER,FDR-274,18,15,61720,3518.01,399.0,3917.01,7,3,185160
R0139,BAHU FORT ↔ BANTALAB OLD MOHALLA,RETAINED_AS_FEEDER,FDR-071,17,15,91818,7716.45,735.36,8451.81,11,2,183636
R0635,PANJTHIRTHI ↔ TALABTILLO,RETAINED_AS_FEEDER,FDR-055,19,15,45124,8802.97,0.0,8802.97,0,4,180496
R0507,MAHESHPURA CHOWK ↔ MAKWAL,RETAINED_AS_FEEDER,FDR-349,19,15,41853,1060.91,183.78,1244.69,8,4,167412
R0679,PANJTIRTHI ↔ JAGTI CAMP,RETAINED_AS_FEEDER,FDR-318,20,15,32272,1962.42,76.01,2038.43,2,5,161360
R0069,AMPHALLA ↔ TRIKUTA NAGAR,RETAINED_AS_FEEDER,FDR-013,17,15,76568,9348.96,1434.68,10783.64,14,2,153136
R0671,PANJTIRTHI ↔ KHANA CHARGAL,RETAINED_AS_FEEDER,FDR-069,16,15,152309,8086.92,451.31,8538.23,10,1,152309
R0022,AMPHALLA ↔ KHIYARIAN CAMP,RETAINED_AS_FEEDER,FDR-058,17,15,76023,7878.03,829.02,8707.05,8,2,152046
R0150,BAHU FORT ↔ GHAROTA,RETAINED_AS_FEEDER,FDR-227,16,15,150783,4977.32,255.83,5233.15,10,1,150783
R0756,SATWARI ↔ RAYA SUCHANI,RETAINED_AS_FEEDER,FDR-174,16,15,147991,5715.7,328.29,6043.99,10,1,147991
R0783,SATWARI ↔ KARPALPUR,RETAINED_AS_FEEDER,FDR-340,26,15,12879,1483.24,0.0,1483.24,0,11,141669
R0409,JANIPUR COLONY ↔ BAHU FORT,RETAINED_AS_FEEDER,FDR-077,17,15,70557,7631.91,730.12,8362.03,9,2,141114
R0396,JANIPUR COLONY ↔ BAHU FORT MAHA MAYA,RETAINED_AS_FEEDER,FDR-076,17,15,70557,7631.91,730.12,8362.03,9,2,141114
R0532,NAGROTA ↔ JAGTI KERLI,RETAINED_AS_FEEDER,FDR-343,32,15,7973,1460.79,0.0,1460.79,0,17,135541
R0538,NAGROTA ↔ JAGTI JARI,RETAINED_AS_FEEDER,FDR-345,32,15,7973,1460.79,0.0,1460.79,0,17,135541
R0533,NAGROTA ↔ JAGTI MIGRANT CAMP,RETAINED_AS_FEEDER,FDR-344,32,15,7973,1460.79,0.0,1460.79,0,17,135541
R0268,JANIPUR ↔ BISHNAH,RETAINED_AS_FEEDER,FDR-166,16,15,133232,5722.04,493.9,6215.94,13,1,133232
R0561,NARWAL ↔ MISHRIWALA SHAMACHAK,RETAINED_AS_FEEDER,FDR-143,16,15,123062,6486.51,92.24,6578.75,4,1,123062
R0784,SATWARI ↔ HAKHAL,RETAINED_AS_FEEDER,FDR-278,17,15,61331,3663.96,149.35,3813.31,4,2,122662
R0502,MAHESHPURA ↔ RAJPURA SUA NO 1,RETAINED_AS_FEEDER,FDR-086,21,15,20239,6491.02,1683.77,8174.79,6,6,121434
R0579,NARWAL PAIN ↔ HAKKAL PLATTA,RETAINED_AS_FEEDER,FDR-219,18,15,40457,5256.2,129.92,5386.12,1,3,121371
R0580,NARWAL PAIN ↔ HAKKAL PLATTA,RETAINED_AS_FEEDER,FDR-220,18,15,40457,5256.2,129.92,5386.12,1,3,121371
R0757,SATWARI ↔ RAIPUR KHARI,RETAINED_AS_FEEDER,FDR-317,26,15,11008,2052.2,0.0,2052.2,0,11,121088
R0082,AMPHALLA ↔ MISHRIWALA,RETAINED_AS_FEEDER,FDR-110,16,15,119444,6862.63,517.09,7379.72,9,1,119444
R0037,AMPHALLA ↔ MISHRIWALA,RETAINED_AS_FEEDER,FDR-109,16,15,119444,6862.63,517.09,7379.72,9,1,119444
R0717,PANJTRITHI ↔ BAHUFORT,RETAINED_AS_FEEDER,FDR-194,19,15,28939,5556.64,144.01,5700.65,3,4,115756
R0035,AMPHALLA ↔ TALAB TILLO BOHRI,RETAINED_AS_FEEDER,FDR-014,17,15,57801,9409.25,1302.3,10711.55,8,2,115602
R0626,PANJTHIRTHI ↔ NH GREATER KAILASH,RETAINED_AS_FEEDER,FDR-048,16,15,115565,8776.87,265.82,9042.69,5,1,115565
R0472,MAHESHPURA ↔ HIRA CHAK,RETAINED_AS_FEEDER,FDR-207,16,15,114129,5488.03,96.17,5584.2,2,1,114129
R0482,MAHESHPURA ↔ HIRA CHAK GAIDLA,RETAINED_AS_FEEDER,FDR-208,16,15,114129,5488.03,96.17,5584.2,2,1,114129
R0290,JANIPUR ↔ MUTHI MISHRI WALA,RETAINED_AS_FEEDER,FDR-027,16,15,98904,9168.81,648.93,9817.74,7,1,98904
R0773,SATWARI ↔ SAMPURAN PUR PHALAIN MANDAL ROAD,RETAINED_AS_FEEDER,FDR-319,23,15,11132,2036.59,0.0,2036.59,0,8,89056
R0737,RAIPUR JAGGIR ↔ PALOURA,RETAINED_AS_FEEDER,FDR-225,17,15,43879,5334.18,0.0,5334.18,0,2,87758
R0683,PANJTIRTHI ↔ CHALNI,RETAINED_AS_FEEDER,FDR-350,19,15,21659,1218.44,14.06,1232.5,1,4,86636
R0702,PANJTIRTHI ↔ GOLE PULLI TALAB TILLO BOHRI,RETAINED_AS_FEEDER,FDR-024,17,15,42934,8591.96,1400.84,9992.8,7,2,85868
R0629,PANJTHIRTHI ↔ TALABTILLO,RETAINED_AS_FEEDER,FDR-022,17,15,42934,8591.96,1400.84,9992.8,7,2,85868
R0630,PANJTHIRTHI ↔ TALABTILLO,RETAINED_AS_FEEDER,FDR-023,17,15,42934,8591.96,1400.84,9992.8,7,2,85868
R0310,JANIPUR ↔ CHATHA,RETAINED_AS_FEEDER,FDR-033,16,15,84435,8664.44,872.24,9536.68,10,1,84435
R0534,NAGROTA ↔ KARLI PANJGHARIAN,RETAINED_AS_FEEDER,FDR-300,21,15,13777,2724.88,197.78,2922.66,1,6,82662
R0236,JAMMU RAILWAY STATION ↔ KATRA,RETAINED_AS_FEEDER,FDR-326,16,15,78930,1755.76,111.22,1866.98,8,1,78930
R0235,JAMMU RAILWAY STATION ↔ KATRA,RETAINED_AS_FEEDER,FDR-325,16,15,78930,1755.76,111.22,1866.98,8,1,78930
R0234,JAMMU RAILWAY STATION ↔ KATRA,RETAINED_AS_FEEDER,FDR-324,16,15,78930,1755.76,111.22,1866.98,8,1,78930
R0714,PANJTRITHI ↔ JAGTI,RETAINED_AS_FEEDER,FDR-347,20,15,15705,1318.64,20.99,1339.63,1,5,78525
R0688,PANJTIRTHI ↔ JAGTI CAMP,RETAINED_AS_FEEDER,FDR-346,20,15,15705,1318.64,20.99,1339.63,1,5,78525
R0167,BAKSHI NAGAR PULLI ↔ GAJANSOO MARH,RETAINED_AS_FEEDER,FDR-009,17,15,35909,10937.86,304.6,11242.46,1,2,71818
R0762,SATWARI ↔ LALYAL,RETAINED_AS_FEEDER,FDR-338,21,15,11853,1556.94,0.0,1556.94,0,6,71118
R0729,PATTA BOHRI ↔ GHO MANHASAN SANDWAN,RETAINED_AS_FEEDER,FDR-276,17,15,33164,3841.98,0.0,3841.98,0,2,66328
R0237,JANIPUR ↔ BAHUFORT,RETAINED_AS_FEEDER,FDR-065,16,15,64935,7800.94,810.91,8611.85,9,1,64935
R0440,KHANDWAL CHATHA PIND ↔ SATWARI,RETAINED_AS_FEEDER,FDR-314,21,15,10379,2297.26,0.0,2297.26,0,6,62274
R0755,SATWARI ↔ GANDU CHAK,RETAINED_AS_FEEDER,FDR-337,19,15,13739,1668.37,0.0,1668.37,0,4,54956
R0110,AMPHALLA ↔ RAJPURA SUA NO 1,RETAINED_AS_FEEDER,FDR-029,17,15,25837,7537.05,2114.94,9651.99,8,2,51674
R0205,B S F CAMPUS ↔ GHO MANHASA,RETAINED_AS_FEEDER,FDR-296,17,15,25293,2981.61,0.0,2981.61,0,2,50586
R0733,PRADE GROUND ↔ TOPH SHERKHANIA,RETAINED_AS_FEEDER,FDR-020,16,15,42011,8974.79,1121.56,10096.35,6,1,42011
R0732,PRADE GROUND ↔ TOPH SHERKHANIA,RETAINED_AS_FEEDER,FDR-021,16,15,42011,8972.87,1121.32,10094.19,6,1,42011
R0219,GANESHU CHACK ↔ M H HOSPITAL SATWARI CANT,RETAINED_AS_FEEDER,FDR-313,19,15,9584,2312.74,0.0,2312.74,0,4,38336
R0789,SATWARI ↔ KIRPALPUR SARDARA CHAK,RETAINED_AS_FEEDER,FDR-311,17,15,10634,2485.16,0.0,2485.16,0,2,21268
R0652,PANJTHIRTHI KOOPER ↔ BAJALTA,RETAINED_AS_FEEDER,FDR-330,16,15,18031,1749.05,24.25,1773.3,1,1,18031
R0011,AMBPHALLA ↔ BATHINDI,RETAINED_AS_FEEDER,FDR-034,14,15,62884,8241.68,1277.85,9519.53,12,0,0
R0015,AMBPHALLA ↔ PATTI,RETAINED_AS_FEEDER,FDR-259,13,15,117607,4009.65,460.26,4469.91,15,0,0
R0019,AMPHALLA ↔ BADHORI,RETAINED_AS_FEEDER,FDR-211,5,15,191294,5150.34,417.32,5567.66,17,0,0
R0007,AMBPHALLA ↔ MUTHI CAMP PHASE II,RETAINED_AS_FEEDER,FDR-016,13,15,80779,9345.09,1041.18,10386.27,9,0,0
R0010,AMBPHALLA ↔ RAYA SUCHAINI,RETAINED_AS_FEEDER,FDR-112,15,15,167674,6711.79,660.48,7372.27,18,0,0
R0271,JANIPUR ↔ BAHUFORT,RETAINED_AS_FEEDER,FDR-064,13,15,65629,7863.53,808.77,8672.3,9,0,0
R0325,JANIPUR ↔ PATTI,RETAINED_AS_FEEDER,FDR-246,13,15,134069,4291.99,368.15,4660.14,13,0,0
R0334,JANIPUR ↔ BISHNAH,RETAINED_AS_FEEDER,FDR-154,15,15,134501,5836.2,499.0,6335.2,13,0,0
R0768,SATWARI ↔ HAKKAL,RETAINED_AS_FEEDER,FDR-266,12,15,10198,4207.1,0.0,4207.1,0,0,0
R0027,AMPHALLA ↔ MUTHI CAMP PHASE 2ND,RETAINED_AS_FEEDER,FDR-017,13,15,80779,9345.09,1041.18,10386.27,9,0,0
R0024,AMPHALLA ↔ MANDIA MANKA KHOUR,RETAINED_AS_FEEDER,FDR-260,9,15,92126,3992.63,444.22,4436.85,11,0,0
R0002,AMBHALLA ↔ MISHRIWALA,RETAINED_AS_FEEDER,FDR-108,5,15,119444,6862.63,517.09,7379.72,9,0,0
R0785,SATWARI ↔ MANDAL PHALIAN CHANNI,RETAINED_AS_FEEDER,FDR-210,15,15,161798,5324.93,246.83,5571.76,9,0,0
R0013,AMBPHALLA ↔ BATHINDI,RETAINED_AS_FEEDER,FDR-106,5,15,57360,6986.6,426.31,7412.91,5,0,0
R0473,MAHESHPURA ↔ RATHUA GHOU,RETAINED_AS_FEEDER,FDR-252,13,15,116565,4511.2,77.4,4588.6,2,0,0
R0238,JANIPUR ↔ BISHNAH,RETAINED_AS_FEEDER,FDR-153,15,15,134501,5836.2,499.0,6335.2,13,0,0
R0248,JANIPUR ↔ CHATHA,RETAINED_AS_FEEDER,FDR-028,13,15,83656,8799.41,894.08,9693.49,10,0,0
R0541,NARWAL ↔ HIRA CHACK GADLA,RETAINED_AS_FEEDER,FDR-215,15,15,128694,5384.69,73.22,5457.91,4,0,0
R0508,MAHESHPURA CHOWK ↔ MISHRIWALA,RETAINED_AS_FEEDER,FDR-127,15,15,111267,6577.62,413.81,6991.43,7,0,0
R0200,BIKRAM CHOWK ↔ PURMANDAL,RETAINED_AS_FEEDER,FDR-004,8,15,82707,2712.42,131.18,2843.6,4,0,0
R0196,BAWA TALAB ↔ HALQA MARH,RETAINED_AS_FEEDER,FDR-329,13,15,28766,1775.13,0.0,1775.13,0,0,0
R0113,AMPHALLA ↔ KIRPIND,RETAINED_AS_FEEDER,FDR-229,5,15,101713,4656.76,515.06,5171.82,12,0,0
R0112,AMPHALLA ↔ KERAN,RETAINED_AS_FEEDER,FDR-096,12,15,112810,7226.78,576.55,7803.33,9,0,0
R0105,AMPHALLA ↔ MAKWAL,RETAINED_AS_FEEDER,FDR-354,8,15,32469,851.62,59.01,910.63,3,0,0
R0092,AMPHALLA ↔ GAJANSOO KARLOOP,RETAINED_AS_FEEDER,FDR-193,11,15,85736,5216.35,486.74,5703.09,8,0,0
R0091,AMPHALLA ↔ KANACHAK LALYAL,RETAINED_AS_FEEDER,FDR-186,7,15,132673,5396.5,366.08,5762.58,9,0,0
R0141,BAHU FORT ↔ JANIPUR COLONY,RETAINED_AS_FEEDER,FDR-085,5,15,71074,7474.39,709.85,8184.24,9,0,0
R0192,BANTALAB NARTHANI ↔ BAJWAN TRIKUTA COLLEGE,RETAINED_AS_FEEDER,FDR-003,12,15,44950,5601.25,0.0,5601.25,0,0,0
R0548,NARWAL ↔ BATEHRA,RETAINED_AS_FEEDER,FDR-200,14,15,136908,5576.02,71.27,5647.29,4,0,0
R0169,BAKSHI NAGAR PULLI ↔ MISHRIWALA,RETAINED_AS_FEEDER,FDR-152,15,15,96617,6276.28,64.96,6341.24,1,0,0
R0475,MAHESHPURA ↔ GAJANSOO MARH,RETAINED_AS_FEEDER,FDR-011,13,15,41103,10629.17,258.6,10887.77,1,0,0
R0628,PANJTHIRTHI ↔ MUTHI BARNAI BANTALAB,RETAINED_AS_FEEDER,FDR-082,14,15,59778,7538.21,756.62,8294.83,6,0,0
R0646,PANJTHIRTHI ↔ SATWARI GANGYAL,RETAINED_AS_FEEDER,FDR-134,15,15,53490,6671.24,93.54,6764.78,3,0,0
R0080,AMPHALLA ↔ KALYANPUR,RETAINED_AS_FEEDER,FDR-146,5,15,128645,6061.01,424.03,6485.04,9,0,0
R0650,PANJTHIRTHI(CIRCULAR RD NAKA) ↔ RANGOORA,RETAINED_AS_FEEDER,FDR-272,13,15,37819,3891.24,77.17,3968.41,3,0,0
R0088,AMPHALLA ↔ KANA CHAK,RETAINED_AS_FEEDER,FDR-172,5,15,131257,5736.76,393.36,6130.12,9,0,0
R0086,AMPHALLA ↔ GHO MANHASAN,RETAINED_AS_FEEDER,FDR-315,13,15,99554,2103.85,169.06,2272.91,8,0,0
R0711,PANJTIRTHI ↔ KANNA CHHARGAL,RETAINED_AS_FEEDER,FDR-342,14,15,22040,1457.09,16.53,1473.62,1,0,0
R0707,PANJTIRTHI ↔ KHANNA CHARGAL DHOON,RETAINED_AS_FEEDER,FDR-341,14,15,22040,1457.09,16.53,1473.62,1,0,0
R0690,PANJTIRTHI ↔ DIGIANA PULLI,RETAINED_AS_FEEDER,FDR-037,15,15,84472,9054.78,401.97,9456.75,6,0,0
R0692,PANJTIRTHI ↔ RAGHOORA,RETAINED_AS_FEEDER,FDR-273,13,15,37819,3891.24,77.17,3968.41,3,0,0
R0689,PANJTIRTHI ↔ TALAB TILLO BOHRI,RETAINED_AS_FEEDER,FDR-006,13,15,63332,7901.68,374.3,8275.98,6,0,0
R0078,AMPHALLA ↔ BADYAL DEHRIAN,RETAINED_AS_FEEDER,FDR-299,10,15,162661,2742.32,185.45,2927.77,11,0,0
R0720,PANJTRITHI ↔ BATHINDI,RETAINED_AS_FEEDER,FDR-047,15,15,68171,7987.23,1142.36,9129.59,12,0,0
R0031,AMPHALLA ↔ GANGYAL,RETAINED_AS_FEEDER,FDR-254,6,15,89565,4367.75,207.26,4575.01,5,0,0
R0042,AMPHALLA ↔ BISHNAH,RETAINED_AS_FEEDER,FDR-248,10,15,117289,4170.28,480.0,4650.28,15,0,0
R0038,AMPHALLA ↔ BISHNAH,RETAINED_AS_FEEDER,FDR-159,5,15,176560,5769.18,506.47,6275.65,17,0,0
R0028,AMPHALLA ↔ KHERI REHAL,RETAINED_AS_FEEDER,FDR-242,5,15,112695,4365.99,484.27,4850.26,14,0,0
R0753,SATWARI ↔ HAKKAL,RETAINED_AS_FEEDER,FDR-264,12,15,10198,4207.1,0.0,4207.1,0,0,0
R0751,SANIK SCHOOL ↔ NAGROTA BYE PASS,RETAINED_AS_FEEDER,FDR-008,15,15,73410,8235.36,252.41,8487.77,3,0,0
R0763,SATWARI ↔ HAKKAL PEER BABA,RETAINED_AS_FEEDER,FDR-265,12,15,10198,4207.1,0.0,4207.1,0,0,0
R0764,SATWARI ↔ CHATHA FARM,RETAINED_AS_FEEDER,FDR-168,12,15,48753,5892.31,302.15,6194.46,4,0,0
R0766,SATWARI ↔ BHURA CHAK BANDARA CHAK,RETAINED_AS_FEEDER,FDR-328,15,15,13603,1801.96,0.0,1801.96,0,0,0
