Route_ID,Route_Name,Action_Taken,New_Route_ID,Route_KM,OSRM_Duration_S,Cycle_Time_Min,Sharp_Turns,Junction_Penalty_Min,Fleet_Required,Total_Minibuses_Existing,Headway_Min,Population_Served,HV_POI_Count,Residential_Score,Commercial_Score,Composite_Demand_Score,Old_Wait_Time,New_Wait_Time,Overlap_Metric,Geo_Source,Fleet_Imputed,View_Map
R0001,AIRPORT RANIBAGH LALYAL ↔ JEWEL AKHNOOR ROAD,RETAINED_AS_FEEDER,FDR-297,53.184,3540.6,141.5,5,2.5,10,8.0,15,154010,3,2895.8,56.41,2952.21,18,15,0.0434,OSRM,True,"<a href=""route_maps/FDR-297.html"">View Map</a>"
R0002,AMBHALLA ↔ MISHRIWALA,RETAINED_AS_FEEDER,FDR-108,17.405,964.6,46.2,8,4.0,4,40.0,15,119444,9,6862.63,517.09,7379.72,5,15,0.1493,OSRM,False,"<a href=""route_maps/FDR-108.html"">View Map</a>"
R0004,AMBPHALA ↔ BADORI SMAILPUR,RETAINED_AS_FEEDER,FDR-126,27.89,1854.0,81.4,9,4.5,6,4.0,15,181256,15,6498.96,510.94,7009.9,21,15,0.1625,OSRM,True,"<a href=""route_maps/FDR-126.html"">View Map</a>"
R0007,AMBPHALLA ↔ MUTHI CAMP PHASE II,RETAINED_AS_FEEDER,FDR-016,8.644,506.0,25.1,5,2.5,2,2.0,15,80779,9,9345.09,1041.18,10386.27,13,15,0.2138,OSRM,True,"<a href=""route_maps/FDR-016.html"">View Map</a>"
R0008,AMBPHALLA ↔ BATHINDI,RETAINED_AS_FEEDER,FDR-136,10.086,995.3,48.5,9,4.5,4,2.0,15,64345,5,6379.64,347.02,6726.66,25,15,0.083,OSRM,True,"<a href=""route_maps/FDR-136.html"">View Map</a>"
R0009,AMBPHALLA ↔ BIRPUR,RETAINED_AS_FEEDER,FDR-129,16.656,1208.7,53.2,6,3.0,4,3.0,15,102222,15,6137.25,765.49,6902.74,18,15,0.0883,OSRM,True,"<a href=""route_maps/FDR-129.html"">View Map</a>"
R0010,AMBPHALLA ↔ RAYA SUCHAINI,RETAINED_AS_FEEDER,FDR-112,24.982,1488.7,59.4,2,1.0,4,4.0,15,167674,18,6711.79,660.48,7372.27,15,15,0.1506,OSRM,True,"<a href=""route_maps/FDR-112.html"">View Map</a>"
R0011,AMBPHALLA ↔ BATHINDI,RETAINED_AS_FEEDER,FDR-034,7.63,540.4,26.5,5,2.5,2,2.0,15,62884,12,8241.68,1277.85,9519.53,14,15,0.1685,OSRM,True,"<a href=""route_maps/FDR-034.html"">View Map</a>"
R0013,AMBPHALLA ↔ BATHINDI,RETAINED_AS_FEEDER,FDR-106,8.21,724.9,41.6,12,6.0,3,25.0,15,57360,5,6986.6,426.31,7412.91,5,15,0.098,OSRM,False,"<a href=""route_maps/FDR-106.html"">View Map</a>"
R0014,AMBPHALLA ↔ BADHAI KARWAL,RETAINED_AS_FEEDER,FDR-279,18.673,1440.3,57.5,2,1.0,4,3.0,15,62314,9,3337.12,441.81,3778.93,20,15,0.1329,OSRM,True,"<a href=""route_maps/FDR-279.html"">View Map</a>"
R0015,AMBPHALLA ↔ PATTI,RETAINED_AS_FEEDER,FDR-259,29.331,1483.0,61.4,4,2.0,5,5.0,15,117607,15,4009.65,460.26,4469.91,13,15,0.1034,OSRM,False,"<a href=""route_maps/FDR-259.html"">View Map</a>"
R0017,AMPHALA ↔ TRIKUTA NAGAR G  KALISH,UPGRADED_TO_TRUNK,TRK-005,6.583,454.6,25.5,7,3.5,6,1.0,5,63218,12,9603.22,1708.95,11312.17,26,5,0.2502,OSRM,True,"<a href=""route_maps/TRK-005.html"">View Map</a>"
R0019,AMPHALLA ↔ BADHORI,RETAINED_AS_FEEDER,FDR-211,37.142,2189.3,87.4,3,1.5,6,25.0,15,191294,17,5150.34,417.32,5567.66,5,15,0.1043,OSRM,False,"<a href=""route_maps/FDR-211.html"">View Map</a>"
R0022,AMPHALLA ↔ KHIYARIAN CAMP,RETAINED_AS_FEEDER,FDR-058,9.65,788.5,33.7,3,1.5,3,2.0,15,76023,8,7878.03,829.02,8707.05,17,15,0.1134,OSRM,True,"<a href=""route_maps/FDR-058.html"">View Map</a>"
R0023,AMPHALLA ↔ SARORE,RETAINED_AS_FEEDER,FDR-084,20.409,1402.0,60.6,6,3.0,5,3.0,15,151896,17,7442.6,759.47,8202.07,21,15,0.1761,OSRM,True,"<a href=""route_maps/FDR-084.html"">View Map</a>"
R0024,AMPHALLA ↔ MANDIA MANKA KHOUR,RETAINED_AS_FEEDER,FDR-260,23.074,1826.6,81.5,10,5.0,6,10.0,15,92126,11,3992.63,444.22,4436.85,9,15,0.1342,OSRM,False,"<a href=""route_maps/FDR-260.html"">View Map</a>"
R0025,AMPHALLA ↔ KHERIAN,RETAINED_AS_FEEDER,FDR-070,20.677,1254.5,52.7,4,2.0,4,3.0,15,158858,18,7682.84,797.99,8480.83,18,15,0.1748,OSRM,True,"<a href=""route_maps/FDR-070.html"">View Map</a>"
R0027,AMPHALLA ↔ MUTHI CAMP PHASE 2ND,RETAINED_AS_FEEDER,FDR-017,8.644,506.0,25.1,5,2.5,2,2.0,15,80779,9,9345.09,1041.18,10386.27,13,15,0.2138,OSRM,True,"<a href=""route_maps/FDR-017.html"">View Map</a>"
R0028,AMPHALLA ↔ KHERI REHAL,RETAINED_AS_FEEDER,FDR-242,25.812,2001.3,85.9,8,4.0,6,18.0,15,112695,14,4365.99,484.27,4850.26,5,15,0.1081,OSRM,False,"<a href=""route_maps/FDR-242.html"">View Map</a>"
R0029,AMPHALLA ↔ KATTAL BATAL,MERGED_INTO_TRUNK,TRK-002,14.938,1197.4,52.8,6,3.0,11,5.0,5,34791,3,2329.03,150.62,2479.65,11,5,0.0341,OSRM,False,"<a href=""route_maps/TRK-002.html"">View Map</a>"
R0030,AMPHALLA ↔ KHERI REHAL,RETAINED_AS_FEEDER,FDR-243,25.812,2001.3,85.9,8,4.0,6,4.0,15,112695,14,4365.99,484.27,4850.26,22,15,0.1081,OSRM,True,"<a href=""route_maps/FDR-243.html"">View Map</a>"
R0031,AMPHALLA ↔ GANGYAL,RETAINED_AS_FEEDER,FDR-254,20.506,1661.5,79.8,14,7.0,6,14.0,15,89565,5,4367.75,207.26,4575.01,6,15,0.1079,OSRM,False,"<a href=""route_maps/FDR-254.html"">View Map</a>"
R0035,AMPHALLA ↔ TALAB TILLO BOHRI,RETAINED_AS_FEEDER,FDR-014,6.143,412.2,17.0,1,0.5,2,1.0,15,57801,8,9409.25,1302.3,10711.55,17,15,0.1762,OSRM,True,"<a href=""route_maps/FDR-014.html"">View Map</a>"
R0037,AMPHALLA ↔ MISHRIWALA,RETAINED_AS_FEEDER,FDR-109,17.405,964.6,46.2,8,4.0,4,3.0,15,119444,9,6862.63,517.09,7379.72,16,15,0.1493,OSRM,True,"<a href=""route_maps/FDR-109.html"">View Map</a>"
R0038,AMPHALLA ↔ BISHNAH,RETAINED_AS_FEEDER,FDR-159,30.604,2511.5,113.5,15,7.5,8,70.0,15,176560,17,5769.18,506.47,6275.65,5,15,0.1465,OSRM,False,"<a href=""route_maps/FDR-159.html"">View Map</a>"
R0042,AMPHALLA ↔ BISHNAH,RETAINED_AS_FEEDER,FDR-248,28.125,1638.2,73.1,9,4.5,5,8.0,15,117289,15,4170.28,480.0,4650.28,10,15,0.1496,OSRM,False,"<a href=""route_maps/FDR-248.html"">View Map</a>"
R0048,AMPHALLA ↔ SIMBAL CAMP,RETAINED_AS_FEEDER,FDR-218,21.514,1604.5,76.5,13,6.5,6,3.0,15,104656,12,4864.55,522.92,5387.47,26,15,0.1415,OSRM,True,"<a href=""route_maps/FDR-218.html"">View Map</a>"
R0049,AMPHALLA ↔ SAMILPUR,RETAINED_AS_FEEDER,FDR-067,19.986,1215.6,51.2,4,2.0,4,3.0,15,155906,17,7800.76,775.54,8576.3,18,15,0.1896,OSRM,True,"<a href=""route_maps/FDR-067.html"">View Map</a>"
R0050,AMPHALLA ↔ BARUIE KARWAL,RETAINED_AS_FEEDER,FDR-281,18.91,1503.1,62.2,4,2.0,5,3.0,15,62659,9,3313.54,436.28,3749.82,21,15,0.1245,OSRM,True,"<a href=""route_maps/FDR-281.html"">View Map</a>"
R0053,AMPHALLA ↔ TRIKUTA NAGAR,RETAINED_AS_FEEDER,FDR-012,8.276,664.3,39.3,12,6.0,3,2.0,15,76855,15,9286.49,1540.6,10827.09,20,15,0.2243,OSRM,True,"<a href=""route_maps/FDR-012.html"">View Map</a>"
R0054,AMPHALLA ↔ GANGYAL,RETAINED_AS_FEEDER,FDR-238,19.585,1429.3,66.3,10,5.0,5,3.0,15,87531,10,4469.29,472.3,4941.59,23,15,0.1723,OSRM,True,"<a href=""route_maps/FDR-238.html"">View Map</a>"
R0057,AMPHALLA ↔ BISHNAH,RETAINED_AS_FEEDER,FDR-155,30.367,2448.7,108.8,13,6.5,8,5.0,15,176591,17,5815.23,510.42,6325.65,22,15,0.1528,OSRM,True,"<a href=""route_maps/FDR-155.html"">View Map</a>"
R0059,AMPHALLA ↔ BATHINDI,RETAINED_AS_FEEDER,FDR-107,8.21,724.9,41.6,12,6.0,3,2.0,15,57360,5,6986.6,426.31,7412.91,21,15,0.098,OSRM,True,"<a href=""route_maps/FDR-107.html"">View Map</a>"
R0060,AMPHALLA ↔ BISHNAH,RETAINED_AS_FEEDER,FDR-163,20.903,1227.6,54.0,6,3.0,4,3.0,15,116620,15,5579.1,645.84,6224.94,18,15,0.1512,OSRM,True,"<a href=""route_maps/FDR-163.html"">View Map</a>"
R0066,AMPHALLA ↔ SIMBAL CAMP,RETAINED_AS_FEEDER,FDR-216,21.276,1541.7,71.7,11,5.5,5,3.0,15,104198,12,4897.44,528.76,5426.2,24,15,0.1493,OSRM,True,"<a href=""route_maps/FDR-216.html"">View Map</a>"
R0067,AMPHALLA ↔ BARUIE KARWAL,RETAINED_AS_FEEDER,FDR-280,18.673,1440.3,57.5,2,1.0,4,3.0,15,62314,9,3337.12,441.81,3778.93,20,15,0.1329,OSRM,True,"<a href=""route_maps/FDR-280.html"">View Map</a>"
R0068,AMPHALLA ↔ SUNJWAN,RETAINED_AS_FEEDER,FDR-164,12.838,1278.9,64.0,13,6.5,5,2.0,15,76378,5,5949.37,272.63,6222.0,32,15,0.0666,OSRM,True,"<a href=""route_maps/FDR-164.html"">View Map</a>"
R0069,AMPHALLA ↔ TRIKUTA NAGAR,RETAINED_AS_FEEDER,FDR-013,8.19,622.3,33.1,8,4.0,3,2.0,15,76568,14,9348.96,1434.68,10783.64,17,15,0.2292,OSRM,True,"<a href=""route_maps/FDR-013.html"">View Map</a>"
R0071,AMPHALLA ↔ BOHRI,RETAINED_AS_FEEDER,FDR-010,5.651,444.4,21.6,4,2.0,2,1.0,15,55285,7,9783.22,1238.72,11021.94,22,15,0.1826,OSRM,True,"<a href=""route_maps/FDR-010.html"">View Map</a>"
R0073,AMPHALLA ↔ BATHINDI,RETAINED_AS_FEEDER,FDR-051,6.775,468.6,21.4,3,1.5,2,1.0,15,57675,5,8512.92,516.61,9029.53,22,15,0.1013,OSRM,True,"<a href=""route_maps/FDR-051.html"">View Map</a>"
R0074,AMPHALLA ↔ CHANNI HIMMAT,RETAINED_AS_FEEDER,FDR-115,10.764,823.1,47.7,14,7.0,4,2.0,15,74483,6,6919.64,418.06,7337.7,24,15,0.0865,OSRM,True,"<a href=""route_maps/FDR-115.html"">View Map</a>"
R0075,AMPHALLA ↔ CHOWADI BIRPUR,RETAINED_AS_FEEDER,FDR-175,17.236,1393.2,68.4,13,6.5,5,3.0,15,97628,8,5664.19,377.12,6041.31,23,15,0.0556,OSRM,True,"<a href=""route_maps/FDR-175.html"">View Map</a>"
R0077,AMPHALLA ↔ CHOWADI BIRPUR,RETAINED_AS_FEEDER,FDR-144,15.801,1136.9,48.2,4,2.0,4,3.0,15,97007,8,6139.29,411.37,6550.66,17,15,0.0552,OSRM,True,"<a href=""route_maps/FDR-144.html"">View Map</a>"
R0078,AMPHALLA ↔ BADYAL DEHRIAN,RETAINED_AS_FEEDER,FDR-299,59.315,3448.4,136.8,4,2.0,10,15.0,15,162661,11,2742.32,185.45,2927.77,10,15,0.0456,OSRM,False,"<a href=""route_maps/FDR-299.html"">View Map</a>"
R0080,AMPHALLA ↔ KALYANPUR,RETAINED_AS_FEEDER,FDR-146,21.225,1271.7,55.6,6,3.0,4,20.0,15,128645,9,6061.01,424.03,6485.04,5,15,0.1265,OSRM,False,"<a href=""route_maps/FDR-146.html"">View Map</a>"
R0082,AMPHALLA ↔ MISHRIWALA,RETAINED_AS_FEEDER,FDR-110,17.405,964.6,46.2,8,4.0,4,3.0,15,119444,9,6862.63,517.09,7379.72,16,15,0.1493,OSRM,True,"<a href=""route_maps/FDR-110.html"">View Map</a>"
R0083,AMPHALLA ↔ REHAL SAIDGARH BARI BRAHMANA SARORE,RETAINED_AS_FEEDER,FDR-049,18.326,1313.4,57.2,6,3.0,4,3.0,15,150206,17,8196.33,845.79,9042.12,20,15,0.2046,OSRM,True,"<a href=""route_maps/FDR-049.html"">View Map</a>"
R0086,AMPHALLA ↔ GHO MANHASAN,RETAINED_AS_FEEDER,FDR-315,47.32,4388.8,192.4,21,10.5,13,15.0,15,99554,8,2103.85,169.06,2272.91,13,15,0.0782,OSRM,False,"<a href=""route_maps/FDR-315.html"">View Map</a>"
R0087,AMPHALLA ↔ BADHORI,RETAINED_AS_FEEDER,FDR-212,37.142,2189.3,87.4,3,1.5,6,5.0,15,191294,17,5150.34,417.32,5567.66,18,15,0.1043,OSRM,True,"<a href=""route_maps/FDR-212.html"">View Map</a>"
R0088,AMPHALLA ↔ KANA CHAK,RETAINED_AS_FEEDER,FDR-172,22.88,1428.2,62.8,7,3.5,5,20.0,15,131257,9,5736.76,393.36,6130.12,5,15,0.1185,OSRM,False,"<a href=""route_maps/FDR-172.html"">View Map</a>"
R0089,AMPHALLA ↔ SUNJWAN,RETAINED_AS_FEEDER,FDR-105,12.257,1094.4,48.9,6,3.0,4,2.0,15,81248,12,6628.7,795.46,7424.16,25,15,0.1108,OSRM,True,"<a href=""route_maps/FDR-105.html"">View Map</a>"
R0091,AMPHALLA ↔ KANACHAK LALYAL,RETAINED_AS_FEEDER,FDR-186,24.585,1539.8,63.6,4,2.0,5,10.0,15,132673,9,5396.5,366.08,5762.58,7,15,0.1099,OSRM,False,"<a href=""route_maps/FDR-186.html"">View Map</a>"
R0092,AMPHALLA ↔ GAJANSOO KARLOOP,RETAINED_AS_FEEDER,FDR-193,16.436,1205.5,53.1,6,3.0,4,5.0,15,85736,8,5216.35,486.74,5703.09,11,15,0.0849,OSRM,False,"<a href=""route_maps/FDR-193.html"">View Map</a>"
R0094,AMPHALLA ↔ BISHNAH,RETAINED_AS_FEEDER,FDR-141,18.234,1468.2,64.3,7,3.5,5,3.0,15,107644,14,5903.48,685.53,6589.01,22,15,0.1515,OSRM,True,"<a href=""route_maps/FDR-141.html"">View Map</a>"
R0095,AMPHALLA ↔ KOTLI BISHNAH,RETAINED_AS_FEEDER,FDR-270,35.913,2463.5,107.1,11,5.5,8,5.0,15,130739,15,3640.44,375.91,4016.35,22,15,0.0903,OSRM,True,"<a href=""route_maps/FDR-270.html"">View Map</a>"
R0097,AMPHALLA ↔ GHO MANHASAN,RETAINED_AS_FEEDER,FDR-145,14.611,1230.8,52.9,5,2.5,4,2.0,15,87392,8,5981.25,547.53,6528.78,27,15,0.1015,OSRM,True,"<a href=""route_maps/FDR-145.html"">View Map</a>"
R0100,AMPHALLA ↔ KARWAL,RETAINED_AS_FEEDER,FDR-277,56.619,4437.2,193.1,20,10.0,13,8.0,15,203147,15,3587.97,251.68,3839.65,25,15,0.1156,OSRM,True,"<a href=""route_maps/FDR-277.html"">View Map</a>"
R0103,AMPHALLA ↔ BANTALAB BAJWAN,RETAINED_AS_FEEDER,FDR-045,6.689,435.3,22.4,5,2.5,2,1.0,15,55144,6,8243.98,897.0,9140.98,23,15,0.1823,OSRM,True,"<a href=""route_maps/FDR-045.html"">View Map</a>"
R0105,AMPHALLA ↔ MAKWAL,RETAINED_AS_FEEDER,FDR-354,38.126,2695.6,107.9,4,2.0,8,15.0,15,32469,3,851.62,59.01,910.63,8,15,0.0333,OSRM,False,"<a href=""route_maps/FDR-354.html"">View Map</a>"
R0106,AMPHALLA ↔ BATHINDI,RETAINED_AS_FEEDER,FDR-158,11.914,1301.2,66.0,14,7.0,5,2.0,15,71330,5,5987.07,293.77,6280.84,33,15,0.0647,OSRM,True,"<a href=""route_maps/FDR-158.html"">View Map</a>"
R0109,AMPHALLA ↔ PATTI,RETAINED_AS_FEEDER,FDR-290,32.897,1889.8,83.9,10,5.0,6,5.0,15,103523,12,3146.88,341.98,3488.86,17,15,0.0988,OSRM,False,"<a href=""route_maps/FDR-290.html"">View Map</a>"
R0110,AMPHALLA ↔ RAJPURA SUA NO 1,RETAINED_AS_FEEDER,FDR-029,3.428,269.3,16.1,5,2.5,2,1.0,15,25837,8,7537.05,2114.94,9651.99,17,15,0.2066,OSRM,True,"<a href=""route_maps/FDR-029.html"">View Map</a>"
R0112,AMPHALLA ↔ KERAN,RETAINED_AS_FEEDER,FDR-096,15.61,1249.8,58.3,9,4.5,4,5.0,15,112810,9,7226.78,576.55,7803.33,12,15,0.1315,OSRM,False,"<a href=""route_maps/FDR-096.html"">View Map</a>"
R0113,AMPHALLA ↔ KIRPIND,RETAINED_AS_FEEDER,FDR-229,21.842,1610.6,74.4,11,5.5,5,382.0,15,101713,12,4656.76,515.06,5171.82,5,15,0.1387,OSRM,False,"<a href=""route_maps/FDR-229.html"">View Map</a>"
R0117,AMPHALLA ↔ KHARIAN,RETAINED_AS_FEEDER,FDR-087,13.082,971.0,46.4,8,4.0,4,2.0,15,95229,13,7279.39,879.07,8158.46,24,15,0.1914,OSRM,True,"<a href=""route_maps/FDR-087.html"">View Map</a>"
R0119,AMPHALLA ↔ MAKWAL CAMP MANDAL PHALLIAN,RETAINED_AS_FEEDER,FDR-327,57.178,3780.9,156.4,10,5.0,11,8.0,15,93667,11,1638.17,179.26,1817.43,20,15,0.0739,OSRM,True,"<a href=""route_maps/FDR-327.html"">View Map</a>"
R0127,AMPHALLA ↔ BHATHINDI,RETAINED_AS_FEEDER,FDR-139,10.29,1017.0,50.5,10,5.0,4,2.0,15,64728,5,6290.38,340.14,6630.52,26,15,0.0773,OSRM,True,"<a href=""route_maps/FDR-139.html"">View Map</a>"
R0128,AMPHALLA ↔ MARALIAN,RETAINED_AS_FEEDER,FDR-237,27.393,2188.4,100.0,14,7.0,7,4.0,15,122477,15,4471.11,492.83,4963.94,25,15,0.1155,OSRM,True,"<a href=""route_maps/FDR-237.html"">View Map</a>"
R0129,AMPHALLA ↔ LALYAL,RETAINED_AS_FEEDER,FDR-269,16.665,1581.9,68.7,7,3.5,5,1.0,15,58775,9,3526.85,495.05,4021.9,69,15,0.1381,OSRM,False,"<a href=""route_maps/FDR-269.html"">View Map</a>"
R0131,AMPHALLA ↔ GOLE GUJRAL KHARIAN,RETAINED_AS_FEEDER,FDR-015,6.294,524.9,28.2,7,3.5,2,1.0,15,58558,8,9303.78,1271.05,10574.83,29,15,0.1543,OSRM,True,"<a href=""route_maps/FDR-015.html"">View Map</a>"
R0132,AMPHALLA ↔ MARALIAN MAMKA KHOUR,RETAINED_AS_FEEDER,FDR-261,23.074,1826.6,81.5,10,5.0,6,4.0,15,92126,11,3992.63,444.22,4436.85,21,15,0.1342,OSRM,True,"<a href=""route_maps/FDR-261.html"">View Map</a>"
R0133,BABA TALAB ↔ MARH,UPGRADED_TO_TRUNK,TRK-001,11.761,957.5,43.6,6,3.0,9,2.0,5,37888,0,3221.49,0.0,3221.49,22,5,0.0275,OSRM,True,"<a href=""route_maps/TRK-001.html"">View Map</a>"
R0134,BABA TALAB ↔ MARH GAJANSOO,RETAINED_AS_FEEDER,FDR-001,7.029,576.6,27.9,5,2.5,2,1.0,15,63794,2,9075.83,284.54,9360.37,28,15,0.0465,OSRM,True,"<a href=""route_maps/FDR-001.html"">View Map</a>"
R0137,BAHU FORT ↔ KUNJWANI,RETAINED_AS_FEEDER,FDR-102,11.332,833.2,43.4,10,5.0,3,2.0,15,81325,4,7176.58,352.98,7529.56,22,15,0.0574,OSRM,True,"<a href=""route_maps/FDR-102.html"">View Map</a>"
R0139,BAHU FORT ↔ BANTALAB OLD MOHALLA,RETAINED_AS_FEEDER,FDR-071,11.899,780.9,32.2,2,1.0,3,2.0,15,91818,11,7716.45,735.36,8451.81,17,15,0.1794,OSRM,True,"<a href=""route_maps/FDR-071.html"">View Map</a>"
R0140,BAHU FORT ↔ RAIPUR,RETAINED_AS_FEEDER,FDR-316,54.768,3710.1,153.7,10,5.0,11,8.0,15,112350,8,2051.38,118.68,2170.06,20,15,0.0659,OSRM,True,"<a href=""route_maps/FDR-316.html"">View Map</a>"
R0141,BAHU FORT ↔ JANIPUR COLONY,RETAINED_AS_FEEDER,FDR-085,9.509,729.2,34.9,6,3.0,3,25.0,15,71074,9,7474.39,709.85,8184.24,5,15,0.2096,OSRM,False,"<a href=""route_maps/FDR-085.html"">View Map</a>"
R0145,BAHU FORT ↔ KUNWANI,RETAINED_AS_FEEDER,FDR-103,11.332,833.2,43.4,10,5.0,3,2.0,15,81325,4,7176.58,352.98,7529.56,22,15,0.0574,OSRM,True,"<a href=""route_maps/FDR-103.html"">View Map</a>"
R0150,BAHU FORT ↔ GHAROTA,RETAINED_AS_FEEDER,FDR-227,30.294,1872.2,77.5,5,2.5,6,5.0,15,150783,10,4977.32,255.83,5233.15,16,15,0.0963,OSRM,True,"<a href=""route_maps/FDR-227.html"">View Map</a>"
R0151,BAHU FORT ↔ BANTALAB OLD MOHALLA,RETAINED_AS_FEEDER,FDR-080,12.009,826.4,38.6,6,3.0,3,2.0,15,91307,11,7603.21,728.62,8331.83,20,15,0.1786,OSRM,True,"<a href=""route_maps/FDR-080.html"">View Map</a>"
R0152,BAHU FORT ↔ NAGROTA,RETAINED_AS_FEEDER,FDR-002,14.382,1018.3,45.9,6,3.0,4,2.0,15,66225,8,4604.71,347.66,4952.37,23,15,0.0777,OSRM,True,"<a href=""route_maps/FDR-002.html"">View Map</a>"
R0156,BAKSHI NAGAR ↔ DOUNGIAN,RETAINED_AS_FEEDER,FDR-161,12.504,1208.5,60.1,12,6.0,5,2.0,15,75131,5,6008.56,219.93,6228.49,31,15,0.0828,OSRM,True,"<a href=""route_maps/FDR-161.html"">View Map</a>"
R0157,BAKSHI NAGAR ↔ HIRA CHAK GADLA,RETAINED_AS_FEEDER,FDR-231,20.322,1173.3,53.0,7,3.5,4,3.0,15,102243,1,5031.15,49.21,5080.36,18,15,0.0771,OSRM,True,"<a href=""route_maps/FDR-231.html"">View Map</a>"
R0158,BAKSHI NAGAR ↔ DOUNGIAN,RETAINED_AS_FEEDER,FDR-162,12.504,1208.5,60.1,12,6.0,5,2.0,15,75131,5,6008.56,219.93,6228.49,31,15,0.0828,OSRM,True,"<a href=""route_maps/FDR-162.html"">View Map</a>"
R0163,BAKSHI NAGAR PULI ↔ BARNAI BANTALAB,RETAINED_AS_FEEDER,FDR-044,7.492,498.8,24.9,5,2.5,2,1.0,15,61663,7,8230.51,934.33,9164.84,25,15,0.1661,OSRM,True,"<a href=""route_maps/FDR-044.html"">View Map</a>"
R0166,BAKSHI NAGAR PULLI ↔ BARNAI,RETAINED_AS_FEEDER,FDR-095,11.504,847.2,40.5,7,3.5,3,2.0,15,83088,7,7222.53,608.48,7831.01,21,15,0.1239,OSRM,True,"<a href=""route_maps/FDR-095.html"">View Map</a>"
R0167,BAKSHI NAGAR PULLI ↔ GAJANSOO MARH,RETAINED_AS_FEEDER,FDR-009,3.283,316.4,16.7,4,2.0,2,1.0,15,35909,1,10937.86,304.6,11242.46,17,15,0.0735,OSRM,True,"<a href=""route_maps/FDR-009.html"">View Map</a>"
R0168,BAKSHI NAGAR PULLI ↔ GHO MANHASAN SAAGNI,RETAINED_AS_FEEDER,FDR-197,12.67,1179.2,52.1,6,3.0,4,2.0,15,71005,1,5604.18,78.93,5683.11,27,15,0.0593,OSRM,True,"<a href=""route_maps/FDR-197.html"">View Map</a>"
R0169,BAKSHI NAGAR PULLI ↔ MISHRIWALA,RETAINED_AS_FEEDER,FDR-152,15.394,887.8,42.1,7,3.5,3,3.0,15,96617,1,6276.28,64.96,6341.24,15,15,0.0952,OSRM,True,"<a href=""route_maps/FDR-152.html"">View Map</a>"
R0177,BAKSHI NAGAR PULLI ↔ CHAK JAFFAR,RETAINED_AS_FEEDER,FDR-263,21.774,1303.1,62.6,11,5.5,5,3.0,15,88998,7,4087.35,321.48,4408.83,21,15,0.0649,OSRM,True,"<a href=""route_maps/FDR-263.html"">View Map</a>"
R0181,BAKSHI NAGAR PULLI JIC ↔ HALKA MARH,RETAINED_AS_FEEDER,FDR-306,52.706,3213.3,134.7,10,5.0,9,8.0,15,135321,1,2567.47,18.97,2586.44,17,15,0.0424,OSRM,True,"<a href=""route_maps/FDR-306.html"">View Map</a>"
R0183,BAKSHI NAGAR PULLI NEAR JIC ↔ LALYAL,RETAINED_AS_FEEDER,FDR-293,15.016,1460.9,61.8,5,2.5,5,3.0,15,47339,2,3152.57,83.24,3235.81,21,15,0.0933,OSRM,True,"<a href=""route_maps/FDR-293.html"">View Map</a>"
R0184,BANTALAB ↔ TRIKUTA NAGAR,RETAINED_AS_FEEDER,FDR-032,12.56,821.1,40.7,8,4.0,3,2.0,15,108616,12,8647.77,895.7,9543.47,21,15,0.2014,OSRM,True,"<a href=""route_maps/FDR-032.html"">View Map</a>"
R0186,BANTALAB ↔ SMAILPUR,RETAINED_AS_FEEDER,FDR-073,25.656,1562.0,66.8,6,3.0,5,4.0,15,199509,17,7776.31,604.15,8380.46,17,15,0.1795,OSRM,True,"<a href=""route_maps/FDR-073.html"">View Map</a>"
R0187,BANTALAB ↔ SMAILPUR,RETAINED_AS_FEEDER,FDR-074,25.656,1562.0,66.8,6,3.0,5,4.0,15,199509,17,7776.31,604.15,8380.46,17,15,0.1795,OSRM,True,"<a href=""route_maps/FDR-074.html"">View Map</a>"
R0190,BAN TALAB ↔ SMAILPUR,RETAINED_AS_FEEDER,FDR-075,25.656,1562.0,66.8,6,3.0,5,4.0,15,199509,17,7776.31,604.15,8380.46,17,15,0.1795,OSRM,True,"<a href=""route_maps/FDR-075.html"">View Map</a>"
R0192,BANTALAB NARTHANI ↔ BAJWAN TRIKUTA COLLEGE,RETAINED_AS_FEEDER,FDR-003,8.025,532.0,22.7,2,1.0,2,2.0,15,44950,0,5601.25,0.0,5601.25,12,15,0.0608,OSRM,True,"<a href=""route_maps/FDR-003.html"">View Map</a>"
R0194,BAWA TALAB ↔ GHO MANHASA,RETAINED_AS_FEEDER,FDR-267,13.286,1265.6,62.3,12,6.0,5,2.0,15,54675,0,4115.23,0.0,4115.23,32,15,0.0424,OSRM,True,"<a href=""route_maps/FDR-267.html"">View Map</a>"
R0195,BAWA TALAB ↔ MARH,MERGED_INTO_TRUNK,TRK-001,11.761,957.5,43.6,6,3.0,9,2.0,5,37888,0,3221.49,0.0,3221.49,22,5,0.0275,OSRM,True,"<a href=""route_maps/TRK-001.html"">View Map</a>"
R0196,BAWA TALAB ↔ HALQA MARH,RETAINED_AS_FEEDER,FDR-329,16.205,864.7,36.6,3,1.5,3,3.0,15,28766,0,1775.13,0.0,1775.13,13,15,0.0114,OSRM,True,"<a href=""route_maps/FDR-329.html"">View Map</a>"
R0199,B C ROAD ↔ KATTAL BATTAL,UPGRADED_TO_TRUNK,TRK-002,15.857,1282.6,58.4,8,4.0,12,3.0,5,41313,4,2605.35,204.96,2810.31,20,5,0.0376,OSRM,True,"<a href=""route_maps/TRK-002.html"">View Map</a>"
R0200,BIKRAM CHOWK ↔ PURMANDAL,RETAINED_AS_FEEDER,FDR-004,30.492,2495.7,100.3,4,2.0,7,13.0,15,82707,4,2712.42,131.18,2843.6,8,15,0.0165,OSRM,False,"<a href=""route_maps/FDR-004.html"">View Map</a>"
R0201,BIKRAM CHOWK ↔ CAMP GOLE GOJRAL,UPGRADED_TO_TRUNK,TRK-006,5.992,420.1,18.4,2,1.0,4,1.0,5,52037,3,8684.41,375.5,9059.91,19,5,0.1189,OSRM,True,"<a href=""route_maps/TRK-006.html"">View Map</a>"
R0202,BIKRAM CHOWK WARE HOUSE BRIDGE ↔ RAIPUR,RETAINED_AS_FEEDER,FDR-305,6.185,708.5,30.6,3,1.5,3,1.0,15,16266,1,2629.91,40.42,2670.33,31,15,0.0738,OSRM,True,"<a href=""route_maps/FDR-305.html"">View Map</a>"
R0203,BIKRAM CHOWK WARE HOUSE BRIDGE ↔ RAIPUR,RETAINED_AS_FEEDER,FDR-312,8.992,1084.5,53.1,10,5.0,4,2.0,15,20702,1,2302.27,27.8,2330.07,27,15,0.0603,OSRM,True,"<a href=""route_maps/FDR-312.html"">View Map</a>"
R0205,B S F CAMPUS ↔ GHO MANHASA,RETAINED_AS_FEEDER,FDR-296,8.483,804.5,33.1,2,1.0,3,2.0,15,25293,0,2981.61,0.0,2981.61,17,15,0.0415,OSRM,True,"<a href=""route_maps/FDR-296.html"">View Map</a>"
R0206,B S F CAMPUS PALOURA ↔ KARLOOP,RETAINED_AS_FEEDER,FDR-289,12.547,1001.6,45.3,6,3.0,4,2.0,15,44078,0,3513.03,0.0,3513.03,23,15,0.039,OSRM,True,"<a href=""route_maps/FDR-289.html"">View Map</a>"
R0207,B S F PALOURA ↔ PATNYAL,RETAINED_AS_FEEDER,FDR-257,8.835,777.7,39.0,8,4.0,3,2.0,15,39530,0,4474.25,0.0,4474.25,20,15,0.0422,OSRM,True,"<a href=""route_maps/FDR-257.html"">View Map</a>"
R0208,BSF PALOURA ↔ LAHORI CHACK,RETAINED_AS_FEEDER,FDR-286,17.404,1858.8,83.9,11,5.5,6,3.0,15,61603,0,3539.59,0.0,3539.59,28,15,0.0434,OSRM,True,"<a href=""route_maps/FDR-286.html"">View Map</a>"
R0209,BSF PALOURA ↔ MARH HALQA,RETAINED_AS_FEEDER,FDR-283,12.534,950.5,45.6,8,4.0,4,2.0,15,45137,1,3601.16,79.78,3680.94,23,15,0.0386,OSRM,True,"<a href=""route_maps/FDR-283.html"">View Map</a>"
R0210,BSF PALOURA ↔ ROOPNAGAR,RETAINED_AS_FEEDER,FDR-052,14.76,1118.5,55.5,11,5.5,4,2.0,15,124499,8,8434.89,440.38,8875.27,28,15,0.1599,OSRM,True,"<a href=""route_maps/FDR-052.html"">View Map</a>"
R0211,BUS STAND K C ↔ BANTALAB UPPER THATHAR,RETAINED_AS_FEEDER,FDR-148,7.442,555.6,25.9,4,2.0,2,1.0,15,47467,0,6378.26,0.0,6378.26,26,15,0.0501,OSRM,True,"<a href=""route_maps/FDR-148.html"">View Map</a>"
R0212,BUS STAND MAHESHPURA ↔ GHO MANHASAN LAHORI CHAK,RETAINED_AS_FEEDER,FDR-182,13.254,1132.7,48.0,4,2.0,4,2.0,15,76279,1,5755.17,75.45,5830.62,24,15,0.0754,OSRM,True,"<a href=""route_maps/FDR-182.html"">View Map</a>"
R0214,BUS STAND ROOP NAGAR ↔ BARI BRAHMANA IND COMPLEX,RETAINED_AS_FEEDER,FDR-057,22.466,1575.8,70.8,9,4.5,5,3.0,15,182838,15,8138.43,600.91,8739.34,24,15,0.2055,OSRM,True,"<a href=""route_maps/FDR-057.html"">View Map</a>"
R0215,CANAL HEAD ↔ GHO MANHASAN,RETAINED_AS_FEEDER,FDR-192,12.452,1076.5,45.9,4,2.0,4,2.0,15,69123,2,5551.16,160.62,5711.78,23,15,0.0565,OSRM,True,"<a href=""route_maps/FDR-192.html"">View Map</a>"
R0216,CHANNI HIMMAT ↔ RAIPUR,RETAINED_AS_FEEDER,FDR-230,12.013,1013.9,44.6,5,2.5,3,2.0,15,59107,2,4920.25,166.49,5086.74,23,15,0.0698,OSRM,True,"<a href=""route_maps/FDR-230.html"">View Map</a>"
R0217,CHANNI HIMMAT ↔ RAIPUR KHERI,RETAINED_AS_FEEDER,FDR-201,16.777,1367.3,61.6,8,4.0,5,3.0,15,86394,11,5149.55,476.84,5626.39,21,15,0.1393,OSRM,True,"<a href=""route_maps/FDR-201.html"">View Map</a>"
R0219,GANESHU CHACK ↔ M H HOSPITAL SATWARI CANT,RETAINED_AS_FEEDER,FDR-313,4.144,452.8,18.5,1,0.5,2,1.0,15,9584,0,2312.74,0.0,2312.74,19,15,0.0415,OSRM,True,"<a href=""route_maps/FDR-313.html"">View Map</a>"
R0222,HIGH COURT JANIPUR GRID STAION ↔ BISHNAH,RETAINED_AS_FEEDER,FDR-250,26.736,1872.3,89.0,15,7.5,6,4.0,15,114270,10,4274.01,345.98,4619.99,23,15,0.1466,OSRM,True,"<a href=""route_maps/FDR-250.html"">View Map</a>"
R0225,INDIRA CHOWK ↔ JAGTI MIGRANT CAMP,RETAINED_AS_FEEDER,FDR-274,17.544,1230.2,52.9,5,2.5,4,3.0,15,61720,7,3518.01,399.0,3917.01,18,15,0.0649,OSRM,True,"<a href=""route_maps/FDR-274.html"">View Map</a>"
R0233,JAMMU BUS STAND ↔ MATHWAR,RETAINED_AS_FEEDER,FDR-336,48.369,3397.6,137.1,6,3.0,10,7.0,15,78076,6,1614.17,62.02,1676.19,20,15,0.0203,OSRM,True,"<a href=""route_maps/FDR-336.html"">View Map</a>"
R0234,JAMMU RAILWAY STATION ↔ KATRA,RETAINED_AS_FEEDER,FDR-324,44.955,2439.0,95.8,2,1.0,7,6.0,15,78930,8,1755.76,111.22,1866.98,16,15,0.0222,OSRM,True,"<a href=""route_maps/FDR-324.html"">View Map</a>"
R0235,JAMMU RAILWAY STATION ↔ KATRA,RETAINED_AS_FEEDER,FDR-325,44.955,2439.0,95.8,2,1.0,7,6.0,15,78930,8,1755.76,111.22,1866.98,16,15,0.0222,OSRM,True,"<a href=""route_maps/FDR-325.html"">View Map</a>"
R0236,JAMMU RAILWAY STATION ↔ KATRA,RETAINED_AS_FEEDER,FDR-326,44.955,2439.0,95.8,2,1.0,7,6.0,15,78930,8,1755.76,111.22,1866.98,16,15,0.0222,OSRM,True,"<a href=""route_maps/FDR-326.html"">View Map</a>"
R0237,JANIPUR ↔ BAHUFORT,RETAINED_AS_FEEDER,FDR-065,8.324,641.2,30.3,5,2.5,3,2.0,15,64935,9,7800.94,810.91,8611.85,16,15,0.2144,OSRM,True,"<a href=""route_maps/FDR-065.html"">View Map</a>"
R0238,JANIPUR ↔ BISHNAH,RETAINED_AS_FEEDER,FDR-153,23.046,1333.7,59.2,7,3.5,4,4.0,15,134501,13,5836.2,499.0,6335.2,15,15,0.1696,OSRM,True,"<a href=""route_maps/FDR-153.html"">View Map</a>"
R0239,JANIPUR ↔ BISHNAH,RETAINED_AS_FEEDER,FDR-150,32.51,2554.8,114.0,14,7.0,8,5.0,15,193005,15,5936.79,415.26,6352.05,23,15,0.1676,OSRM,True,"<a href=""route_maps/FDR-150.html"">View Map</a>"
R0247,JANIPUR ↔ TOP MANASA,RETAINED_AS_FEEDER,FDR-271,20.999,2013.4,87.5,9,4.5,6,3.0,15,77385,7,3685.18,297.63,3982.81,30,15,0.1455,OSRM,True,"<a href=""route_maps/FDR-271.html"">View Map</a>"
R0248,JANIPUR ↔ CHATHA,RETAINED_AS_FEEDER,FDR-028,9.507,552.6,25.8,4,2.0,2,2.0,15,83656,10,8799.41,894.08,9693.49,13,15,0.3107,OSRM,True,"<a href=""route_maps/FDR-028.html"">View Map</a>"
R0249,JANIPUR ↔ MISHRIWALA,RETAINED_AS_FEEDER,FDR-275,45.591,3687.4,157.5,14,7.0,11,7.0,15,168452,8,3694.85,159.02,3853.87,23,15,0.1344,OSRM,True,"<a href=""route_maps/FDR-275.html"">View Map</a>"
R0251,JANIPUR ↔ TRIKUTA NAGAR,RETAINED_AS_FEEDER,FDR-026,10.29,697.0,39.4,11,5.5,3,2.0,15,88527,15,8603.21,1239.07,9842.28,20,15,0.2547,OSRM,True,"<a href=""route_maps/FDR-026.html"">View Map</a>"
R0253,JANIPUR ↔ BISHNAH,RETAINED_AS_FEEDER,FDR-137,20.14,1511.5,64.8,6,3.0,5,3.0,15,124970,12,6205.06,521.35,6726.41,22,15,0.1807,OSRM,True,"<a href=""route_maps/FDR-137.html"">View Map</a>"
R0256,JANIPUR ↔ SUNJWAN,RETAINED_AS_FEEDER,FDR-111,16.159,1383.5,61.1,7,3.5,5,3.0,15,110936,9,6865.28,510.55,7375.83,21,15,0.1743,OSRM,True,"<a href=""route_maps/FDR-111.html"">View Map</a>"
R0257,JANIPUR ↔ BISHNAH,RETAINED_AS_FEEDER,FDR-241,26.612,1740.5,81.7,13,6.5,6,4.0,15,120154,10,4515.03,347.59,4862.62,21,15,0.156,OSRM,True,"<a href=""route_maps/FDR-241.html"">View Map</a>"
R0261,JANIPUR ↔ BARI BRAHMANA IND  COMPLEX,RETAINED_AS_FEEDER,FDR-121,28.68,2078.0,92.3,11,5.5,7,4.0,15,193164,13,6735.15,427.13,7162.28,24,15,0.185,OSRM,True,"<a href=""route_maps/FDR-121.html"">View Map</a>"
R0262,JANIPUR ↔ KOTLI MIAN FETHY,RETAINED_AS_FEEDER,FDR-222,25.239,2083.1,91.4,10,5.0,7,4.0,15,124779,12,4943.9,416.02,5359.92,23,15,0.1383,OSRM,True,"<a href=""route_maps/FDR-222.html"">View Map</a>"
R0263,JANIPUR ↔ CHATHA,RETAINED_AS_FEEDER,FDR-138,17.719,1211.1,55.6,8,4.0,4,3.0,15,111247,8,6278.4,409.17,6687.57,19,15,0.2128,OSRM,True,"<a href=""route_maps/FDR-138.html"">View Map</a>"
R0264,JANIPUR ↔ CHANNI HIMMAT,RETAINED_AS_FEEDER,FDR-068,12.327,744.7,37.7,8,4.0,3,2.0,15,96937,11,7863.79,709.82,8573.61,19,15,0.1793,OSRM,True,"<a href=""route_maps/FDR-068.html"">View Map</a>"
R0265,JANIPUR ↔ BISHNAH,RETAINED_AS_FEEDER,FDR-151,32.51,2554.8,114.0,14,7.0,8,5.0,15,193005,15,5936.79,415.26,6352.05,23,15,0.1676,OSRM,True,"<a href=""route_maps/FDR-151.html"">View Map</a>"
R0266,JANIPUR ↔ SANGRAMPUR,RETAINED_AS_FEEDER,FDR-098,13.334,914.2,43.1,7,3.5,3,2.0,15,96253,6,7218.61,449.98,7668.59,22,15,0.147,OSRM,True,"<a href=""route_maps/FDR-098.html"">View Map</a>"
R0268,JANIPUR ↔ BISHNAH,RETAINED_AS_FEEDER,FDR-166,23.284,1396.5,63.9,9,4.5,5,4.0,15,133232,13,5722.04,493.9,6215.94,16,15,0.1624,OSRM,True,"<a href=""route_maps/FDR-166.html"">View Map</a>"
R0271,JANIPUR ↔ BAHUFORT,RETAINED_AS_FEEDER,FDR-064,8.346,585.0,24.7,2,1.0,2,2.0,15,65629,9,7863.53,808.77,8672.3,13,15,0.2344,OSRM,True,"<a href=""route_maps/FDR-064.html"">View Map</a>"
R0274,JANIPUR ↔ MUTHI VILLAGE,RETAINED_AS_FEEDER,FDR-046,13.016,786.6,41.7,10,5.0,3,2.0,15,111950,7,8600.95,537.8,9138.75,21,15,0.2113,OSRM,True,"<a href=""route_maps/FDR-046.html"">View Map</a>"
R0275,JANIPUR ↔ SUM TOPH MAKWAL,RETAINED_AS_FEEDER,FDR-320,59.322,3887.0,161.7,11,5.5,11,8.0,15,109774,9,1850.48,139.07,1989.55,21,15,0.0855,OSRM,True,"<a href=""route_maps/FDR-320.html"">View Map</a>"
R0279,JANIPUR ↔ TRIKUTA NAGAR,RETAINED_AS_FEEDER,FDR-025,10.333,728.4,38.3,9,4.5,3,2.0,15,93354,12,9034.55,943.58,9978.13,20,15,0.2539,OSRM,True,"<a href=""route_maps/FDR-025.html"">View Map</a>"
R0282,JANIPUR ↔ MAKWAL CAMP,RETAINED_AS_FEEDER,FDR-321,59.322,3887.0,161.7,11,5.5,11,8.0,15,109774,9,1850.48,139.07,1989.55,21,15,0.0855,OSRM,True,"<a href=""route_maps/FDR-321.html"">View Map</a>"
R0289,JANIPUR ↔ MALKEY CHAK MAKWAL,RETAINED_AS_FEEDER,FDR-322,59.322,3887.0,161.7,11,5.5,11,8.0,15,109774,9,1850.48,139.07,1989.55,21,15,0.0855,OSRM,True,"<a href=""route_maps/FDR-322.html"">View Map</a>"
R0290,JANIPUR ↔ MUTHI MISHRI WALA,RETAINED_AS_FEEDER,FDR-027,10.787,612.1,30.4,6,3.0,3,2.0,15,98904,7,9168.81,648.93,9817.74,16,15,0.2405,OSRM,True,"<a href=""route_maps/FDR-027.html"">View Map</a>"
R0291,JANIPUR ↔ LADORE,RETAINED_AS_FEEDER,FDR-124,19.665,1226.2,57.4,9,4.5,4,3.0,15,132071,7,6716.04,355.96,7072.0,20,15,0.1645,OSRM,True,"<a href=""route_maps/FDR-124.html"">View Map</a>"
R0295,JANIPUR ↔ GUJJAR NAGAR,RETAINED_AS_FEEDER,FDR-114,32.355,2062.6,86.0,6,3.0,6,5.0,15,224600,16,6941.74,401.79,7343.53,18,15,0.1443,OSRM,True,"<a href=""route_maps/FDR-114.html"">View Map</a>"
R0296,JANIPUR ↔ GHO SANDWAN,RETAINED_AS_FEEDER,FDR-202,20.425,1771.5,78.3,9,4.5,6,3.0,15,108772,6,5325.43,293.76,5619.19,27,15,0.1132,OSRM,True,"<a href=""route_maps/FDR-202.html"">View Map</a>"
R0299,JANIPUR ↔ LADORE,RETAINED_AS_FEEDER,FDR-125,19.665,1226.2,57.4,9,4.5,4,3.0,15,132071,7,6716.04,355.96,7072.0,20,15,0.1645,OSRM,True,"<a href=""route_maps/FDR-125.html"">View Map</a>"
R0301,JANIPUR ↔ BARI BRAHMANA,RETAINED_AS_FEEDER,FDR-056,20.469,1419.5,62.5,7,3.5,5,3.0,15,165959,15,8107.82,659.53,8767.35,21,15,0.2197,OSRM,True,"<a href=""route_maps/FDR-056.html"">View Map</a>"
R0302,JANIPUR ↔ LAHORI CHAK,RETAINED_AS_FEEDER,FDR-284,18.955,2018.2,95.8,16,8.0,7,3.0,15,68918,0,3635.87,0.0,3635.87,32,15,0.0407,OSRM,True,"<a href=""route_maps/FDR-284.html"">View Map</a>"
R0304,JANIPUR ↔ KHAIRI REHAL,RETAINED_AS_FEEDER,FDR-298,22.789,2038.9,92.0,12,6.0,7,4.0,15,61783,6,2711.09,230.37,2941.46,23,15,0.075,OSRM,True,"<a href=""route_maps/FDR-298.html"">View Map</a>"
R0305,JANIPUR ↔ CHANNI HIMMAT,RETAINED_AS_FEEDER,FDR-088,13.732,937.9,48.6,11,5.5,4,2.0,15,102683,10,7477.64,673.61,8151.25,25,15,0.1949,OSRM,True,"<a href=""route_maps/FDR-088.html"">View Map</a>"
R0308,JANIPUR ↔ KULWAL,RETAINED_AS_FEEDER,FDR-188,36.34,2917.2,129.1,15,7.5,9,5.0,15,194588,16,5354.65,399.01,5753.66,26,15,0.1532,OSRM,True,"<a href=""route_maps/FDR-188.html"">View Map</a>"
R0310,JANIPUR ↔ CHATHA,RETAINED_AS_FEEDER,FDR-033,9.745,615.4,30.5,6,3.0,3,2.0,15,84435,10,8664.44,872.24,9536.68,16,15,0.2906,OSRM,True,"<a href=""route_maps/FDR-033.html"">View Map</a>"
R0311,JANIPUR ↔ KHAIRI REHAL,RETAINED_AS_FEEDER,FDR-308,22.592,1840.7,78.6,7,3.5,6,4.0,15,50535,6,2236.85,265.58,2502.43,20,15,0.0787,OSRM,True,"<a href=""route_maps/FDR-308.html"">View Map</a>"
R0313,JANIPUR ↔ BADHORI,RETAINED_AS_FEEDER,FDR-234,46.262,3347.5,145.6,15,7.5,10,7.0,15,219792,16,4751.03,313.43,5064.46,21,15,0.1158,OSRM,True,"<a href=""route_maps/FDR-234.html"">View Map</a>"
R0316,JANIPUR ↔ LAKKAR MANDI GANDHI NAGAR,RETAINED_AS_FEEDER,FDR-206,27.886,1864.5,93.3,19,9.5,7,4.0,15,147221,10,5279.39,304.81,5584.2,24,15,0.2171,OSRM,True,"<a href=""route_maps/FDR-206.html"">View Map</a>"
R0317,JANIPUR ↔ KANA CHAK LALYAL,RETAINED_AS_FEEDER,FDR-181,26.907,1711.8,76.0,9,4.5,6,4.0,15,150098,7,5578.4,260.16,5838.56,19,15,0.1291,OSRM,True,"<a href=""route_maps/FDR-181.html"">View Map</a>"
R0319,JANIPUR ↔ BISHNAH,RETAINED_AS_FEEDER,FDR-147,22.904,1689.8,70.5,5,2.5,5,4.0,15,135724,12,5925.78,458.44,6384.22,18,15,0.164,OSRM,True,"<a href=""route_maps/FDR-147.html"">View Map</a>"
R0321,JANIPUR ↔ KUNJWANI B C ROAD,RETAINED_AS_FEEDER,FDR-054,17.066,1096.4,52.4,9,4.5,4,3.0,15,139760,12,8189.38,659.21,8848.59,18,15,0.1564,OSRM,True,"<a href=""route_maps/FDR-054.html"">View Map</a>"
R0322,JANIPUR ↔ SUNJWAN,RETAINED_AS_FEEDER,FDR-118,16.396,1446.3,65.8,9,4.5,5,3.0,15,111262,9,6785.92,503.17,7289.09,22,15,0.1639,OSRM,True,"<a href=""route_maps/FDR-118.html"">View Map</a>"
R0323,JANIPUR ↔ GHO MANHASAN,RETAINED_AS_FEEDER,FDR-247,13.428,1286.8,62.0,11,5.5,5,2.0,15,62576,0,4660.11,0.0,4660.11,31,15,0.0485,OSRM,True,"<a href=""route_maps/FDR-247.html"">View Map</a>"
R0324,JANIPUR ↔ SHASTRI NAGAR,RETAINED_AS_FEEDER,FDR-036,10.305,835.4,45.8,12,6.0,4,2.0,15,89853,10,8719.36,752.06,9471.42,23,15,0.2042,OSRM,True,"<a href=""route_maps/FDR-036.html"">View Map</a>"
R0325,JANIPUR ↔ PATTI,RETAINED_AS_FEEDER,FDR-246,31.237,1526.3,62.0,3,1.5,5,5.0,15,134069,13,4291.99,368.15,4660.14,13,15,0.1252,OSRM,True,"<a href=""route_maps/FDR-246.html"">View Map</a>"
R0327,JANIPUR ↔ BISHNAH,RETAINED_AS_FEEDER,FDR-196,40.959,3276.1,148.6,20,10.0,10,6.0,15,220640,13,5386.85,299.08,5685.93,25,15,0.1475,OSRM,True,"<a href=""route_maps/FDR-196.html"">View Map</a>"
R0332,JANIPUR ↔ KARWAL,RETAINED_AS_FEEDER,FDR-268,21.053,1609.2,67.4,5,2.5,5,3.0,15,80214,7,3810.1,296.87,4106.97,23,15,0.1474,OSRM,True,"<a href=""route_maps/FDR-268.html"">View Map</a>"
R0334,JANIPUR ↔ BISHNAH,RETAINED_AS_FEEDER,FDR-154,23.046,1333.7,59.2,7,3.5,4,4.0,15,134501,13,5836.2,499.0,6335.2,15,15,0.1696,OSRM,True,"<a href=""route_maps/FDR-154.html"">View Map</a>"
R0336,JANIPUR ↔ BHATHINDI,RETAINED_AS_FEEDER,FDR-117,12.556,911.6,46.4,10,5.0,4,2.0,15,84484,8,6728.58,577.41,7305.99,24,15,0.2161,OSRM,True,"<a href=""route_maps/FDR-117.html"">View Map</a>"
R0338,JANIPUR ↔ BARI BRAHMANA IND  COMPLEX,RETAINED_AS_FEEDER,FDR-122,28.917,2140.8,97.0,13,6.5,7,4.0,15,193686,13,6698.0,423.63,7121.63,25,15,0.1791,OSRM,True,"<a href=""route_maps/FDR-122.html"">View Map</a>"
R0339,JANIPUR ↔ KOTLI MIAN FETHY,RETAINED_AS_FEEDER,FDR-239,31.083,2324.1,104.0,13,6.5,7,5.0,15,141628,13,4556.45,369.98,4926.43,21,15,0.1237,OSRM,True,"<a href=""route_maps/FDR-239.html"">View Map</a>"
R0340,JANIPUR ↔ SMAILPUR,RETAINED_AS_FEEDER,FDR-078,22.367,1384.5,61.1,7,3.5,5,3.0,15,173395,15,7752.27,603.57,8355.84,21,15,0.1972,OSRM,True,"<a href=""route_maps/FDR-078.html"">View Map</a>"
R0341,JANIPUR ↔ MISHRIWALA,RETAINED_AS_FEEDER,FDR-113,19.548,1070.7,51.4,9,4.5,4,3.0,15,136867,7,7001.59,358.09,7359.68,18,15,0.1712,OSRM,True,"<a href=""route_maps/FDR-113.html"">View Map</a>"
R0345,JANIPUR ↔ CHATHA,RETAINED_AS_FEEDER,FDR-140,17.956,1273.9,60.3,10,5.0,5,3.0,15,111555,8,6212.69,403.76,6616.45,21,15,0.203,OSRM,True,"<a href=""route_maps/FDR-140.html"">View Map</a>"
R0348,JANIPUR ↔ BISHNAH,RETAINED_AS_FEEDER,FDR-156,32.747,2617.6,118.7,16,8.0,8,5.0,15,193458,15,5907.66,412.25,6319.91,24,15,0.1618,OSRM,True,"<a href=""route_maps/FDR-156.html"">View Map</a>"
R0351,JANIPUR ↔ SMAILPUR,RETAINED_AS_FEEDER,FDR-079,22.367,1384.5,61.1,7,3.5,5,3.0,15,173395,15,7752.27,603.57,8355.84,21,15,0.1972,OSRM,True,"<a href=""route_maps/FDR-079.html"">View Map</a>"
R0352,JANIPUR ↔ GREATER KAILASH FAWARA CHOWK,RETAINED_AS_FEEDER,FDR-043,18.106,1226.6,67.7,18,9.0,5,3.0,15,152227,16,8407.54,759.42,9166.96,23,15,0.1732,OSRM,True,"<a href=""route_maps/FDR-043.html"">View Map</a>"
R0358,JANIPUR ↔ BARIBRAHMAN,RETAINED_AS_FEEDER,FDR-062,20.706,1482.3,67.2,9,4.5,5,3.0,15,166528,15,8042.5,651.98,8694.48,23,15,0.2111,OSRM,True,"<a href=""route_maps/FDR-062.html"">View Map</a>"
R0362,JANIPUR ↔ BADYAL BRAHMNA VIA KULLIAN JASSORE,RETAINED_AS_FEEDER,FDR-018,4.331,359.2,19.5,5,2.5,2,1.0,15,38938,5,8990.53,1154.47,10145.0,20,15,0.2477,OSRM,True,"<a href=""route_maps/FDR-018.html"">View Map</a>"
R0363,JANIPUR ↔ GHO SANDWAN,RETAINED_AS_FEEDER,FDR-203,20.425,1771.5,78.3,9,4.5,6,3.0,15,108772,6,5325.43,293.76,5619.19,27,15,0.1132,OSRM,True,"<a href=""route_maps/FDR-203.html"">View Map</a>"
R0364,JANIPUR ↔ GHO SANDWAN,RETAINED_AS_FEEDER,FDR-204,20.425,1771.5,78.3,9,4.5,6,3.0,15,108772,6,5325.43,293.76,5619.19,27,15,0.1132,OSRM,True,"<a href=""route_maps/FDR-204.html"">View Map</a>"
R0365,JANIPUR ↔ NADI KHAPPAR,RETAINED_AS_FEEDER,FDR-302,44.684,2802.3,124.7,15,7.5,9,6.0,15,117220,9,2623.31,167.85,2791.16,21,15,0.1028,OSRM,True,"<a href=""route_maps/FDR-302.html"">View Map</a>"
R0366,JANIPUR ↔ MARJALI,RETAINED_AS_FEEDER,FDR-165,24.96,1526.4,66.6,7,3.5,5,4.0,15,148251,7,5939.54,280.45,6219.99,17,15,0.1362,OSRM,True,"<a href=""route_maps/FDR-165.html"">View Map</a>"
R0367,JANIPUR ↔ GHO SANDWAN,RETAINED_AS_FEEDER,FDR-205,20.425,1771.5,78.3,9,4.5,6,3.0,15,108772,6,5325.43,293.76,5619.19,27,15,0.1132,OSRM,True,"<a href=""route_maps/FDR-205.html"">View Map</a>"
R0369,JANIPUR ↔ KHAIRI REHAL,RETAINED_AS_FEEDER,FDR-309,22.592,1840.7,78.6,7,3.5,6,4.0,15,50535,6,2236.85,265.58,2502.43,20,15,0.0787,OSRM,True,"<a href=""route_maps/FDR-309.html"">View Map</a>"
R0373,JANIPUR ↔ SIMBAL CAMP,RETAINED_AS_FEEDER,FDR-209,23.419,1647.8,77.0,12,6.0,6,4.0,15,121266,10,5178.1,394.98,5573.08,20,15,0.168,OSRM,True,"<a href=""route_maps/FDR-209.html"">View Map</a>"
R0377,JANIPUR COLONEY ↔ SMAILPUR,RETAINED_AS_FEEDER,FDR-083,23.266,1509.4,69.4,10,5.0,5,4.0,15,178181,15,7658.43,580.25,8238.68,18,15,0.1918,OSRM,True,"<a href=""route_maps/FDR-083.html"">View Map</a>"
R0379,JANIPUR COLONY ↔ CHATTA,RETAINED_AS_FEEDER,FDR-180,16.669,1248.8,59.4,10,5.0,4,3.0,15,91793,7,5506.81,374.95,5881.76,20,15,0.1891,OSRM,True,"<a href=""route_maps/FDR-180.html"">View Map</a>"
R0380,JANIPUR COLONY ↔ BISHNAH,RETAINED_AS_FEEDER,FDR-149,33.409,2679.7,122.3,17,8.5,9,5.0,15,199049,15,5957.95,404.08,6362.03,25,15,0.1642,OSRM,True,"<a href=""route_maps/FDR-149.html"">View Map</a>"
R0386,JANIPUR COLONY ↔ BARI BRAHMANA,RETAINED_AS_FEEDER,FDR-167,35.943,2860.1,131.5,19,9.5,9,5.0,15,210737,13,5863.09,340.82,6203.91,27,15,0.1582,OSRM,True,"<a href=""route_maps/FDR-167.html"">View Map</a>"
R0387,JANIPUR COLONY ↔ BARI BRAHMANA,RETAINED_AS_FEEDER,FDR-066,21.605,1607.2,75.4,12,6.0,6,3.0,15,172407,15,7979.96,624.86,8604.82,26,15,0.2048,OSRM,True,"<a href=""route_maps/FDR-066.html"">View Map</a>"
R0390,JANIPUR COLONY ↔ BARI BRAHMANA,RETAINED_AS_FEEDER,FDR-119,27.494,2138.8,96.9,13,6.5,7,4.0,15,185213,15,6736.49,491.02,7227.51,25,15,0.1847,OSRM,True,"<a href=""route_maps/FDR-119.html"">View Map</a>"
R0391,JANIPUR COLONY ↔ BARI BRAHMANA,RETAINED_AS_FEEDER,FDR-123,29.579,2202.9,100.5,14,7.0,7,4.0,15,197716,13,6684.34,414.15,7098.49,26,15,0.1811,OSRM,True,"<a href=""route_maps/FDR-123.html"">View Map</a>"
R0392,JANIPUR COLONY ↔ BARI BRAHMANA,RETAINED_AS_FEEDER,FDR-060,21.368,1544.4,70.7,10,5.0,5,3.0,15,172338,15,8065.24,631.79,8697.03,24,15,0.213,OSRM,True,"<a href=""route_maps/FDR-060.html"">View Map</a>"
R0395,JANIPUR COLONY ↔ BARI BRAHMANA NO FOUR,RETAINED_AS_FEEDER,FDR-061,21.368,1544.4,70.7,10,5.0,5,3.0,15,172338,15,8065.24,631.79,8697.03,24,15,0.213,OSRM,True,"<a href=""route_maps/FDR-061.html"">View Map</a>"
R0396,JANIPUR COLONY ↔ BAHU FORT MAHA MAYA,RETAINED_AS_FEEDER,FDR-076,9.245,709.9,33.0,5,2.5,3,2.0,15,70557,9,7631.91,730.12,8362.03,17,15,0.2173,OSRM,True,"<a href=""route_maps/FDR-076.html"">View Map</a>"
R0397,JANIPUR COLONY ↔ SIMBLE CAMP,RETAINED_AS_FEEDER,FDR-301,22.427,1433.9,61.9,6,3.0,5,3.0,15,60713,2,2707.14,89.18,2796.32,21,15,0.019,OSRM,True,"<a href=""route_maps/FDR-301.html"">View Map</a>"
R0398,JANIPUR COLONY ↔ BISHNAH,RETAINED_AS_FEEDER,FDR-160,23.945,1458.6,67.4,10,5.0,5,4.0,15,138554,13,5786.34,480.27,6266.61,17,15,0.1654,OSRM,True,"<a href=""route_maps/FDR-160.html"">View Map</a>"
R0399,JANIPUR COLONY ↔ SMAILPUR,RETAINED_AS_FEEDER,FDR-081,23.028,1446.6,64.7,8,4.0,5,4.0,15,178151,15,7736.28,586.24,8322.52,17,15,0.1993,OSRM,True,"<a href=""route_maps/FDR-081.html"">View Map</a>"
R0409,JANIPUR COLONY ↔ BAHU FORT,RETAINED_AS_FEEDER,FDR-077,9.245,709.9,33.0,5,2.5,3,2.0,15,70557,9,7631.91,730.12,8362.03,17,15,0.2173,OSRM,True,"<a href=""route_maps/FDR-077.html"">View Map</a>"
R0411,JANIPUR COLONY ↔ CHANNI HIMMAT,RETAINED_AS_FEEDER,FDR-072,13.248,813.4,40.4,8,4.0,3,2.0,15,102512,11,7737.92,660.48,8398.4,21,15,0.1839,OSRM,True,"<a href=""route_maps/FDR-072.html"">View Map</a>"
R0412,JANIPUR GRID STATION ↔ BISHNAH,RETAINED_AS_FEEDER,FDR-236,23.942,1981.1,92.0,14,7.0,7,4.0,15,110735,9,4625.14,344.58,4969.72,23,15,0.1568,OSRM,True,"<a href=""route_maps/FDR-236.html"">View Map</a>"
R0413,JANIPUR GRID STATION ↔ MAKWAL,RETAINED_AS_FEEDER,FDR-333,42.755,3029.5,125.3,8,4.0,9,6.0,15,67590,6,1580.87,122.79,1703.66,21,15,0.0622,OSRM,True,"<a href=""route_maps/FDR-333.html"">View Map</a>"
R0414,JANIPUR GRID STATION ↔ BISHNAH,RETAINED_AS_FEEDER,FDR-226,27.361,1922.1,84.0,9,4.5,6,4.0,15,135053,12,4935.97,383.76,5319.73,21,15,0.1687,OSRM,True,"<a href=""route_maps/FDR-226.html"">View Map</a>"
R0415,JANIPUR HIGH COURT ↔ GANGYAL,RETAINED_AS_FEEDER,FDR-092,11.179,1034.6,48.9,8,4.0,4,2.0,15,84993,5,7602.92,313.09,7916.01,25,15,0.1215,OSRM,True,"<a href=""route_maps/FDR-092.html"">View Map</a>"
R0416,JANIPUR HOUSING COLONY ↔ BARI BRAHAMANA 4 NO FACTORY,RETAINED_AS_FEEDER,FDR-059,20.91,1485.3,66.1,8,4.0,5,3.0,15,168552,15,8060.83,645.62,8706.45,23,15,0.2154,OSRM,True,"<a href=""route_maps/FDR-059.html"">View Map</a>"
R0418,JANIPUR HOUSING COLONY ↔ TRIKUTA NAGAR,RETAINED_AS_FEEDER,FDR-035,10.731,762.8,43.0,12,6.0,3,2.0,15,89111,15,8304.07,1188.15,9492.22,22,15,0.2448,OSRM,True,"<a href=""route_maps/FDR-035.html"">View Map</a>"
R0420,JANIPUR HOUSING COLONY ↔ BARI BRAH  SMAILPUR,RETAINED_AS_FEEDER,FDR-130,31.019,2108.8,94.6,12,6.0,7,5.0,15,201429,13,6493.73,394.92,6888.65,19,15,0.1684,OSRM,True,"<a href=""route_maps/FDR-130.html"">View Map</a>"
R0424,JANIPUR HOUSING COLONY ↔ BARI BRAH  SMAILPUR,RETAINED_AS_FEEDER,FDR-128,30.782,2046.0,89.9,10,5.0,6,5.0,15,201250,13,6537.91,397.96,6935.87,18,15,0.1738,OSRM,True,"<a href=""route_maps/FDR-128.html"">View Map</a>"
R0427,JANIPUR LAKKAR MANDI ↔ CHATHA,RETAINED_AS_FEEDER,FDR-142,18.2,1299.4,59.0,8,4.0,4,3.0,15,112511,8,6181.92,398.35,6580.27,20,15,0.2039,OSRM,True,"<a href=""route_maps/FDR-142.html"">View Map</a>"
R0428,JANIPUR TO ↔ MAKWAL,RETAINED_AS_FEEDER,FDR-334,42.755,3029.5,125.3,8,4.0,9,6.0,15,67590,6,1580.87,122.79,1703.66,21,15,0.0622,OSRM,True,"<a href=""route_maps/FDR-334.html"">View Map</a>"
R0429,J D A COMPLEX NEW PLOT ↔ SUJWAN,RETAINED_AS_FEEDER,FDR-187,41.962,2562.0,109.7,10,5.0,8,6.0,15,225166,18,5365.95,393.21,5759.16,19,15,0.0725,OSRM,True,"<a href=""route_maps/FDR-187.html"">View Map</a>"
R0431,JDA COMPLEX NEW PLOT ↔ BISHNAH,RETAINED_AS_FEEDER,FDR-217,25.94,2281.8,105.9,16,8.0,8,4.0,15,133699,7,5154.16,269.85,5424.01,27,15,0.0621,OSRM,True,"<a href=""route_maps/FDR-217.html"">View Map</a>"
R0437,KERAN ↔ NARI KHAPPAR,RETAINED_AS_FEEDER,FDR-304,33.535,2321.8,102.8,12,6.0,7,5.0,15,86145,4,2568.81,119.28,2688.09,21,15,0.0433,OSRM,True,"<a href=""route_maps/FDR-304.html"">View Map</a>"
R0440,KHANDWAL CHATHA PIND ↔ SATWARI,RETAINED_AS_FEEDER,FDR-314,4.518,513.6,20.8,1,0.5,2,1.0,15,10379,0,2297.26,0.0,2297.26,21,15,0.0422,OSRM,True,"<a href=""route_maps/FDR-314.html"">View Map</a>"
R0441,KOTLI HARI SINGH ↔ AKHNOOR,RETAINED_AS_FEEDER,FDR-323,57.031,3748.1,159.8,14,7.0,11,8.0,15,104581,8,1833.76,140.27,1974.03,20,15,0.0283,OSRM,True,"<a href=""route_maps/FDR-323.html"">View Map</a>"
R0442,KUJWANI ↔ PHINDER,UPGRADED_TO_TRUNK,TRK-003,14.664,1445.7,70.4,13,6.5,15,2.0,5,44896,0,3061.65,0.0,3061.65,36,5,0.0258,OSRM,True,"<a href=""route_maps/TRK-003.html"">View Map</a>"
R0445,KUNJWANI ↔ KOTLI MIAN FATHEY,UPGRADED_TO_TRUNK,TRK-004,8.861,864.0,40.0,6,3.0,8,2.0,5,34307,0,3871.68,0.0,3871.68,20,5,0.0341,OSRM,True,"<a href=""route_maps/TRK-004.html"">View Map</a>"
R0455,KUNJWANI ↔ BISHNAH,MERGED_INTO_TRUNK,TRK-003,19.743,1958.1,92.3,15,7.5,19,3.0,5,45183,0,2288.56,0.0,2288.56,31,5,0.0257,OSRM,True,"<a href=""route_maps/TRK-003.html"">View Map</a>"
R0456,KUNJWANI ↔ BISHNAH,MERGED_INTO_TRUNK,TRK-003,19.743,1958.1,92.3,15,7.5,19,3.0,5,45183,0,2288.56,0.0,2288.56,31,5,0.0257,OSRM,True,"<a href=""route_maps/TRK-003.html"">View Map</a>"
R0457,KUNJWANI ↔ KOTLI MIAN FATHE,MERGED_INTO_TRUNK,TRK-004,8.861,864.0,40.0,6,3.0,8,2.0,5,34307,0,3871.68,0.0,3871.68,20,5,0.0341,OSRM,True,"<a href=""route_maps/TRK-004.html"">View Map</a>"
R0459,KUNJWANI ↔ NARWAL,RETAINED_AS_FEEDER,FDR-093,10.368,618.7,34.1,9,4.5,3,2.0,15,77866,4,7510.22,385.8,7896.02,18,15,0.056,OSRM,True,"<a href=""route_maps/FDR-093.html"">View Map</a>"
R0461,KUNJWANI ↔ KOTLI MIAN FATEH,MERGED_INTO_TRUNK,TRK-004,8.861,864.0,40.0,6,3.0,8,2.0,5,34307,0,3871.68,0.0,3871.68,20,5,0.0341,OSRM,True,"<a href=""route_maps/TRK-004.html"">View Map</a>"
R0466,MAHESHPURA ↔ MAKWAL CAMP,RETAINED_AS_FEEDER,FDR-339,55.822,3682.8,151.5,9,4.5,11,8.0,15,82014,4,1469.21,58.22,1527.43,19,15,0.0659,OSRM,True,"<a href=""route_maps/FDR-339.html"">View Map</a>"
R0471,MAHESHPURA ↔ GHOU MANHASAN,RETAINED_AS_FEEDER,FDR-183,13.254,1132.7,48.0,4,2.0,4,2.0,15,76279,1,5755.17,75.45,5830.62,24,15,0.0754,OSRM,True,"<a href=""route_maps/FDR-183.html"">View Map</a>"
R0472,MAHESHPURA ↔ HIRA CHAK,RETAINED_AS_FEEDER,FDR-207,20.796,1086.1,45.1,3,1.5,4,3.0,15,114129,2,5488.03,96.17,5584.2,16,15,0.1059,OSRM,True,"<a href=""route_maps/FDR-207.html"">View Map</a>"
R0473,MAHESHPURA ↔ RATHUA GHOU,RETAINED_AS_FEEDER,FDR-252,25.839,1259.3,50.6,2,1.0,4,4.0,15,116565,2,4511.2,77.4,4588.6,13,15,0.0851,OSRM,True,"<a href=""route_maps/FDR-252.html"">View Map</a>"
R0475,MAHESHPURA ↔ GAJANSOO MARH,RETAINED_AS_FEEDER,FDR-011,3.867,269.9,12.6,2,1.0,1,1.0,15,41103,1,10629.17,258.6,10887.77,13,15,0.1256,OSRM,True,"<a href=""route_maps/FDR-011.html"">View Map</a>"
R0477,MAHESHPURA ↔ MARH,RETAINED_AS_FEEDER,FDR-235,14.604,1090.4,48.7,6,3.0,4,2.0,15,73198,0,5012.19,0.0,5012.19,25,15,0.0627,OSRM,True,"<a href=""route_maps/FDR-235.html"">View Map</a>"
R0478,MAHESHPURA ↔ BAGGA JANA,RETAINED_AS_FEEDER,FDR-199,20.941,1500.8,62.1,4,2.0,5,3.0,15,112205,8,5358.15,310.4,5668.55,21,15,0.1166,OSRM,True,"<a href=""route_maps/FDR-199.html"">View Map</a>"
R0480,MAHESHPURA ↔ JHIRI KALYANPUR,RETAINED_AS_FEEDER,FDR-185,21.173,1336.6,59.3,7,3.5,4,3.0,15,120084,2,5671.56,94.46,5766.02,20,15,0.1075,OSRM,True,"<a href=""route_maps/FDR-185.html"">View Map</a>"
R0481,MAHESHPURA ↔ MARJALI,RETAINED_AS_FEEDER,FDR-190,21.281,1256.3,49.3,1,0.5,4,3.0,15,119946,2,5636.3,93.98,5730.28,17,15,0.1007,OSRM,True,"<a href=""route_maps/FDR-190.html"">View Map</a>"
R0482,MAHESHPURA ↔ HIRA CHAK GAIDLA,RETAINED_AS_FEEDER,FDR-208,20.796,1086.1,45.1,3,1.5,4,3.0,15,114129,2,5488.03,96.17,5584.2,16,15,0.1059,OSRM,True,"<a href=""route_maps/FDR-208.html"">View Map</a>"
R0488,MAHESHPURA ↔ SUNJWAN,RETAINED_AS_FEEDER,FDR-135,10.922,940.1,38.3,2,1.0,3,2.0,15,71025,5,6502.93,251.79,6754.72,20,15,0.0958,OSRM,True,"<a href=""route_maps/FDR-135.html"">View Map</a>"
R0489,MAHESHPURA ↔ GHO MANHASAN,RETAINED_AS_FEEDER,FDR-285,23.058,2291.9,97.1,8,4.0,7,4.0,15,82508,1,3578.28,43.37,3621.65,25,15,0.0525,OSRM,True,"<a href=""route_maps/FDR-285.html"">View Map</a>"
R0491,MAHESHPURA ↔ JHIRI KANA CHAK,RETAINED_AS_FEEDER,FDR-189,21.343,1264.2,50.8,2,1.0,4,3.0,15,120308,2,5636.88,93.71,5730.59,17,15,0.1032,OSRM,True,"<a href=""route_maps/FDR-189.html"">View Map</a>"
R0493,MAHESHPURA ↔ KARLOOP FLOORA,RETAINED_AS_FEEDER,FDR-232,14.899,1041.5,41.1,1,0.5,3,2.0,15,74486,1,4999.4,67.12,5066.52,21,15,0.0598,OSRM,True,"<a href=""route_maps/FDR-232.html"">View Map</a>"
R0500,MAHESH PURA ↔ MARH KARLOOP,RETAINED_AS_FEEDER,FDR-233,14.899,1041.5,41.1,1,0.5,3,2.0,15,74486,1,4999.4,67.12,5066.52,21,15,0.0598,OSRM,True,"<a href=""route_maps/FDR-233.html"">View Map</a>"
R0502,MAHESHPURA ↔ RAJPURA SUA NO 1,RETAINED_AS_FEEDER,FDR-086,3.118,292.2,20.4,8,4.0,2,1.0,15,20239,6,6491.02,1683.77,8174.79,21,15,0.1751,OSRM,True,"<a href=""route_maps/FDR-086.html"">View Map</a>"
R0507,MAHESHPURA CHOWK ↔ MAKWAL,RETAINED_AS_FEEDER,FDR-349,39.45,2768.1,113.0,6,3.0,8,6.0,15,41853,8,1060.91,183.78,1244.69,19,15,0.0457,OSRM,True,"<a href=""route_maps/FDR-349.html"">View Map</a>"
R0508,MAHESHPURA CHOWK ↔ MISHRIWALA,RETAINED_AS_FEEDER,FDR-127,16.916,921.6,43.4,7,3.5,3,3.0,15,111267,7,6577.62,413.81,6991.43,15,15,0.14,OSRM,True,"<a href=""route_maps/FDR-127.html"">View Map</a>"
R0514,MAHESPURA ↔ LAHORI CHACK GHOU MANHASAN,RETAINED_AS_FEEDER,FDR-184,13.254,1132.7,48.0,4,2.0,4,2.0,15,76279,1,5755.17,75.45,5830.62,24,15,0.0754,OSRM,True,"<a href=""route_maps/FDR-184.html"">View Map</a>"
R0521,MUTHI ↔ BAHUFORT,RETAINED_AS_FEEDER,FDR-099,13.768,878.5,39.4,5,2.5,3,2.0,15,96722,10,7025.13,562.9,7588.03,20,15,0.1573,OSRM,True,"<a href=""route_maps/FDR-099.html"">View Map</a>"
R0522,MUTHI CAMP ↔ BAHU FORT,RETAINED_AS_FEEDER,FDR-090,13.752,1035.1,48.9,8,4.0,4,2.0,15,103302,9,7511.78,490.84,8002.62,25,15,0.1659,OSRM,True,"<a href=""route_maps/FDR-090.html"">View Map</a>"
R0523,MUTHI GAON ↔ BAHU FORT,RETAINED_AS_FEEDER,FDR-100,13.768,878.5,39.4,5,2.5,3,2.0,15,96722,10,7025.13,562.9,7588.03,20,15,0.1573,OSRM,True,"<a href=""route_maps/FDR-100.html"">View Map</a>"
R0525,MUTHI MIGRANT CAMP PHASE II ↔ BAHUFORT,RETAINED_AS_FEEDER,FDR-170,20.972,1323.9,64.5,12,6.0,5,3.0,15,121863,10,5810.75,369.54,6180.29,22,15,0.1921,OSRM,True,"<a href=""route_maps/FDR-170.html"">View Map</a>"
R0529,NAGROTA ↔ BAMYAL,RETAINED_AS_FEEDER,FDR-357,19.481,2556.2,102.6,4,2.0,7,3.0,15,10911,0,560.08,0.0,560.08,35,15,0.0101,OSRM,True,"<a href=""route_maps/FDR-357.html"">View Map</a>"
R0532,NAGROTA ↔ JAGTI KERLI,RETAINED_AS_FEEDER,FDR-343,5.458,643.4,31.6,6,3.0,3,1.0,15,7973,0,1460.79,0.0,1460.79,32,15,0.026,OSRM,True,"<a href=""route_maps/FDR-343.html"">View Map</a>"
R0533,NAGROTA ↔ JAGTI MIGRANT CAMP,RETAINED_AS_FEEDER,FDR-344,5.458,643.4,31.6,6,3.0,3,1.0,15,7973,0,1460.79,0.0,1460.79,32,15,0.026,OSRM,True,"<a href=""route_maps/FDR-344.html"">View Map</a>"
R0534,NAGROTA ↔ KARLI PANJGHARIAN,RETAINED_AS_FEEDER,FDR-300,5.056,382.1,20.4,5,2.5,2,1.0,15,13777,1,2724.88,197.78,2922.66,21,15,0.0076,OSRM,True,"<a href=""route_maps/FDR-300.html"">View Map</a>"
R0538,NAGROTA ↔ JAGTI JARI,RETAINED_AS_FEEDER,FDR-345,5.458,643.4,31.6,6,3.0,3,1.0,15,7973,0,1460.79,0.0,1460.79,32,15,0.026,OSRM,True,"<a href=""route_maps/FDR-345.html"">View Map</a>"
R0541,NARWAL ↔ HIRA CHACK GADLA,RETAINED_AS_FEEDER,FDR-215,23.9,1314.6,57.3,6,3.0,4,4.0,15,128694,4,5384.69,73.22,5457.91,15,15,0.0902,OSRM,True,"<a href=""route_maps/FDR-215.html"">View Map</a>"
R0543,NARWAL ↔ HIRACHAK GARDLA,RETAINED_AS_FEEDER,FDR-005,9.277,891.6,43.4,8,4.0,3,2.0,15,32994,1,3556.54,107.79,3664.33,22,15,0.0184,OSRM,True,"<a href=""route_maps/FDR-005.html"">View Map</a>"
R0544,NARWAL ↔ HALQA MARH CHAFFER CHAK,RETAINED_AS_FEEDER,FDR-214,18.884,1255.2,53.9,5,2.5,4,3.0,15,100840,6,5339.97,198.58,5538.55,18,15,0.0668,OSRM,True,"<a href=""route_maps/FDR-214.html"">View Map</a>"
R0546,NARWAL ↔ GHO MANHASAN,RETAINED_AS_FEEDER,FDR-176,17.252,1397.5,60.5,6,3.0,5,3.0,15,101456,5,5880.83,159.4,6040.23,21,15,0.0797,OSRM,True,"<a href=""route_maps/FDR-176.html"">View Map</a>"
R0548,NARWAL ↔ BATEHRA,RETAINED_AS_FEEDER,FDR-200,24.553,1281.3,53.7,4,2.0,4,4.0,15,136908,4,5576.02,71.27,5647.29,14,15,0.0864,OSRM,True,"<a href=""route_maps/FDR-200.html"">View Map</a>"
R0549,NARWAL ↔ SIDHRA,RETAINED_AS_FEEDER,FDR-303,53.914,5033.8,205.6,11,5.5,14,8.0,15,147322,4,2732.54,32.46,2765.0,26,15,0.04,OSRM,True,"<a href=""route_maps/FDR-303.html"">View Map</a>"
R0552,NARWAL ↔ LALYAL,RETAINED_AS_FEEDER,FDR-292,16.81,1562.0,66.8,6,3.0,5,3.0,15,53861,1,3204.1,59.49,3263.59,23,15,0.0814,OSRM,True,"<a href=""route_maps/FDR-292.html"">View Map</a>"
R0554,NARWAL ↔ SHOA JANDIAL,RETAINED_AS_FEEDER,FDR-245,28.439,1821.9,76.7,6,3.0,6,4.0,15,126475,12,4447.24,342.84,4790.08,20,15,0.0851,OSRM,True,"<a href=""route_maps/FDR-245.html"">View Map</a>"
R0558,NARWAL ↔ KUNJWANI,RETAINED_AS_FEEDER,FDR-031,7.39,401.6,18.8,3,1.5,2,1.0,15,66918,4,9055.21,541.27,9596.48,19,15,0.043,OSRM,True,"<a href=""route_maps/FDR-031.html"">View Map</a>"
R0561,NARWAL ↔ MISHRIWALA SHAMACHAK,RETAINED_AS_FEEDER,FDR-143,18.972,1029.1,46.3,6,3.0,4,3.0,15,123062,4,6486.51,92.24,6578.75,16,15,0.1077,OSRM,True,"<a href=""route_maps/FDR-143.html"">View Map</a>"
R0566,NARWAL ↔ GAJANSOO DEOSA NAPU,RETAINED_AS_FEEDER,FDR-249,23.015,1661.2,68.3,4,2.0,5,4.0,15,103817,5,4510.84,119.49,4630.33,18,15,0.0554,OSRM,True,"<a href=""route_maps/FDR-249.html"">View Map</a>"
R0568,NARWAL ↔ GASHI LADORE,RETAINED_AS_FEEDER,FDR-157,19.089,1184.6,52.3,6,3.0,4,3.0,15,118310,4,6197.81,91.68,6289.49,18,15,0.1011,OSRM,True,"<a href=""route_maps/FDR-157.html"">View Map</a>"
R0571,NARWAL ↔ GAJANSOO SAHARAN,RETAINED_AS_FEEDER,FDR-244,26.21,2085.4,97.2,15,7.5,7,4.0,15,122828,5,4686.3,104.92,4791.22,25,15,0.0564,OSRM,True,"<a href=""route_maps/FDR-244.html"">View Map</a>"
R0572,NARWAL BALA ↔ SERI PANDITA,RETAINED_AS_FEEDER,FDR-179,22.273,1518.1,69.7,10,5.0,5,3.0,15,121538,11,5456.74,460.2,5916.94,24,15,0.1142,OSRM,True,"<a href=""route_maps/FDR-179.html"">View Map</a>"
R0577,NARWAL MANDI ↔ MAKWAL,RETAINED_AS_FEEDER,FDR-353,47.291,3163.8,131.6,9,4.5,9,7.0,15,49700,2,1050.94,42.29,1093.23,19,15,0.038,OSRM,True,"<a href=""route_maps/FDR-353.html"">View Map</a>"
R0579,NARWAL PAIN ↔ HAKKAL PLATTA,RETAINED_AS_FEEDER,FDR-219,7.697,692.6,34.6,7,3.5,3,2.0,15,40457,1,5256.2,129.92,5386.12,18,15,0.0909,OSRM,True,"<a href=""route_maps/FDR-219.html"">View Map</a>"
R0580,NARWAL PAIN ↔ HAKKAL PLATTA,RETAINED_AS_FEEDER,FDR-220,7.697,692.6,34.6,7,3.5,3,2.0,15,40457,1,5256.2,129.92,5386.12,18,15,0.0909,OSRM,True,"<a href=""route_maps/FDR-220.html"">View Map</a>"
R0582,NARWAL PAIN CDA ROAD ↔ KOTLI JEEVAN NAGAR,RETAINED_AS_FEEDER,FDR-240,7.318,614.4,40.8,15,7.5,3,1.0,15,34663,1,4736.68,136.65,4873.33,41,15,0.0832,OSRM,True,"<a href=""route_maps/FDR-240.html"">View Map</a>"
R0583,NEW HIGH COURT JANIPUR ↔ BISHNAH,RETAINED_AS_FEEDER,FDR-169,32.634,2686.6,121.4,16,8.0,9,5.0,15,188615,15,5779.71,413.68,6193.39,25,15,0.1589,OSRM,True,"<a href=""route_maps/FDR-169.html"">View Map</a>"
R0584,NEW HIGH COURT JANIPUR ↔ BISHNAH,RETAINED_AS_FEEDER,FDR-251,26.736,1872.3,89.0,15,7.5,6,4.0,15,114270,10,4274.01,345.98,4619.99,23,15,0.1466,OSRM,True,"<a href=""route_maps/FDR-251.html"">View Map</a>"
R0587,NEW HIGH COURT JANIPUR ↔ BISHNAH,RETAINED_AS_FEEDER,FDR-262,49.712,3791.2,171.8,23,11.5,12,7.0,15,206833,15,4160.63,271.56,4432.19,25,15,0.1571,OSRM,True,"<a href=""route_maps/FDR-262.html"">View Map</a>"
R0588,NEW HIGH COURT JANIPUR ↔ BADORI,RETAINED_AS_FEEDER,FDR-101,25.207,1640.2,70.9,7,3.5,5,4.0,15,175764,16,6972.83,575.24,7548.07,18,15,0.1646,OSRM,True,"<a href=""route_maps/FDR-101.html"">View Map</a>"
R0592,OLD JANIPUR LAKKAR MANDI ↔ KARWAL MALKAY CHAK,RETAINED_AS_FEEDER,FDR-288,21.898,2410.2,98.1,5,2.5,7,3.0,15,70711,7,3229.11,285.41,3514.52,33,15,0.1155,OSRM,True,"<a href=""route_maps/FDR-288.html"">View Map</a>"
R0593,PAJJTHIRTHI ↔ NARI KHEPAR,RETAINED_AS_FEEDER,FDR-173,20.71,1396.5,59.3,5,2.5,4,3.0,15,119737,8,5781.6,313.86,6095.46,20,15,0.1001,OSRM,True,"<a href=""route_maps/FDR-173.html"">View Map</a>"
R0594,PAJJTHIRTHI ↔ NARI KHEPAR,RETAINED_AS_FEEDER,FDR-255,24.276,1803.3,81.8,11,5.5,6,4.0,15,105967,5,4365.09,175.07,4540.16,21,15,0.0941,OSRM,True,"<a href=""route_maps/FDR-255.html"">View Map</a>"
R0599,PALOURA ↔ SMAILPUR SAJADPUR MARH,RETAINED_AS_FEEDER,FDR-091,22.725,1459.1,66.3,9,4.5,5,4.0,15,171597,10,7551.02,374.04,7925.06,17,15,0.1225,OSRM,True,"<a href=""route_maps/FDR-091.html"">View Map</a>"
R0600,PALOURA ↔ CHATHA GURJAN BLOCK MARH,RETAINED_AS_FEEDER,FDR-063,10.103,690.0,35.6,8,4.0,3,2.0,15,84281,5,8342.18,346.43,8688.61,18,15,0.1192,OSRM,True,"<a href=""route_maps/FDR-063.html"">View Map</a>"
R0605,PALOURA ↔ CHIRI KANA CHAK,RETAINED_AS_FEEDER,FDR-256,17.32,1218.6,53.6,6,3.0,4,3.0,15,78063,0,4507.1,0.0,4507.1,18,15,0.0611,OSRM,True,"<a href=""route_maps/FDR-256.html"">View Map</a>"
R0608,PALOURA ↔ JASWAN,RETAINED_AS_FEEDER,FDR-295,15.761,1408.6,66.6,11,5.5,5,3.0,15,46818,1,2970.5,63.45,3033.95,23,15,0.0329,OSRM,True,"<a href=""route_maps/FDR-295.html"">View Map</a>"
R0610,PALOURA ↔ PARWAHA SAHZADPUR,RETAINED_AS_FEEDER,FDR-213,37.3,2414.0,100.6,7,3.5,7,5.0,15,198938,10,5333.46,227.88,5561.34,21,15,0.0753,OSRM,True,"<a href=""route_maps/FDR-213.html"">View Map</a>"
R0611,PALOURA ↔ SUNDWAN,RETAINED_AS_FEEDER,FDR-120,14.643,1285.4,56.2,6,3.0,4,2.0,15,102315,5,6987.3,187.8,7175.1,29,15,0.0763,OSRM,True,"<a href=""route_maps/FDR-120.html"">View Map</a>"
R0612,PALOURA ↔ HALKA MARH,RETAINED_AS_FEEDER,FDR-282,12.119,945.0,46.6,9,4.5,4,2.0,15,44394,1,3663.17,82.52,3745.69,24,15,0.0397,OSRM,True,"<a href=""route_maps/FDR-282.html"">View Map</a>"
R0614,PALOURA ↔ AKALPUR PATNYAL,RETAINED_AS_FEEDER,FDR-258,8.835,777.7,39.0,8,4.0,3,2.0,15,39530,0,4474.25,0.0,4474.25,20,15,0.0422,OSRM,True,"<a href=""route_maps/FDR-258.html"">View Map</a>"
R0615,PALOURA ↔ SAHZATPUR,RETAINED_AS_FEEDER,FDR-253,54.466,3694.4,158.9,15,7.5,11,8.0,15,241040,10,4425.51,156.06,4581.57,20,15,0.0703,OSRM,True,"<a href=""route_maps/FDR-253.html"">View Map</a>"
R0617,PALOURA TO ↔ RAIPUR SUNDWAN,RETAINED_AS_FEEDER,FDR-228,10.204,1074.5,50.4,8,4.0,4,2.0,15,52210,1,5116.62,98.0,5214.62,26,15,0.047,OSRM,True,"<a href=""route_maps/FDR-228.html"">View Map</a>"
R0619,PANJHIRTHI ↔ TRIKUTA NAGAR,RETAINED_AS_FEEDER,FDR-039,7.193,543.9,31.2,9,4.5,3,1.0,15,63204,5,8786.88,590.85,9377.73,32,15,0.1188,OSRM,True,"<a href=""route_maps/FDR-039.html"">View Map</a>"
R0626,PANJTHIRTHI ↔ NH GREATER KAILASH,RETAINED_AS_FEEDER,FDR-048,13.167,768.5,31.8,2,1.0,3,2.0,15,115565,5,8776.87,265.82,9042.69,16,15,0.1718,OSRM,True,"<a href=""route_maps/FDR-048.html"">View Map</a>"
R0628,PANJTHIRTHI ↔ MUTHI BARNAI BANTALAB,RETAINED_AS_FEEDER,FDR-082,7.93,551.3,28.0,6,3.0,2,2.0,15,59778,6,7538.21,756.62,8294.83,14,15,0.1722,OSRM,True,"<a href=""route_maps/FDR-082.html"">View Map</a>"
R0629,PANJTHIRTHI ↔ TALABTILLO,RETAINED_AS_FEEDER,FDR-022,4.997,365.0,16.3,2,1.0,2,1.0,15,42934,7,8591.96,1400.84,9992.8,17,15,0.2014,OSRM,True,"<a href=""route_maps/FDR-022.html"">View Map</a>"
R0630,PANJTHIRTHI ↔ TALABTILLO,RETAINED_AS_FEEDER,FDR-023,4.997,365.0,16.3,2,1.0,2,1.0,15,42934,7,8591.96,1400.84,9992.8,17,15,0.2014,OSRM,True,"<a href=""route_maps/FDR-023.html"">View Map</a>"
R0635,PANJTHIRTHI ↔ TALABTILLO,RETAINED_AS_FEEDER,FDR-055,5.126,383.1,18.1,3,1.5,2,1.0,15,45124,0,8802.97,0.0,8802.97,19,15,0.1126,OSRM,True,"<a href=""route_maps/FDR-055.html"">View Map</a>"
R0644,PANJTHIRTHI ↔ JAGTI,RETAINED_AS_FEEDER,FDR-352,14.748,1262.3,63.3,13,6.5,5,2.0,15,16108,1,1092.22,16.95,1109.17,32,15,0.0353,OSRM,True,"<a href=""route_maps/FDR-352.html"">View Map</a>"
R0646,PANJTHIRTHI ↔ SATWARI GANGYAL,RETAINED_AS_FEEDER,FDR-134,8.018,652.3,28.5,3,1.5,2,2.0,15,53490,3,6671.24,93.54,6764.78,15,15,0.0708,OSRM,True,"<a href=""route_maps/FDR-134.html"">View Map</a>"
R0650,PANJTHIRTHI(CIRCULAR RD NAKA) ↔ RANGOORA,RETAINED_AS_FEEDER,FDR-272,9.719,577.2,25.6,3,1.5,2,2.0,15,37819,3,3891.24,77.17,3968.41,13,15,0.0566,OSRM,True,"<a href=""route_maps/FDR-272.html"">View Map</a>"
R0652,PANJTHIRTHI KOOPER ↔ BAJALTA,RETAINED_AS_FEEDER,FDR-330,10.309,683.0,30.8,4,2.0,3,2.0,15,18031,1,1749.05,24.25,1773.3,16,15,0.0372,OSRM,True,"<a href=""route_maps/FDR-330.html"">View Map</a>"
R0654,PANJTIRTHI ↔ GOLE GUJRAL,RETAINED_AS_FEEDER,FDR-030,7.146,584.8,28.2,5,2.5,2,1.0,15,61708,7,8635.32,979.57,9614.89,29,15,0.15,OSRM,True,"<a href=""route_maps/FDR-030.html"">View Map</a>"
R0656,PANJTIRTHI ↔ TALAB TILLO,RETAINED_AS_FEEDER,FDR-097,9.225,753.2,38.1,8,4.0,3,2.0,15,63636,8,6898.21,867.21,7765.42,20,15,0.1414,OSRM,True,"<a href=""route_maps/FDR-097.html"">View Map</a>"
R0663,PANJTIRTHI ↔ TALAB TILLO BOHRI GOLE PULLI,RETAINED_AS_FEEDER,FDR-040,4.516,403.6,20.1,4,2.0,2,1.0,15,41567,0,9204.38,0.0,9204.38,21,15,0.1097,OSRM,True,"<a href=""route_maps/FDR-040.html"">View Map</a>"
R0665,PANJTIRTHI ↔ GOLE PULLI TALAB TILLO BOHRI,RETAINED_AS_FEEDER,FDR-041,4.516,403.6,20.1,4,2.0,2,1.0,15,41567,0,9204.38,0.0,9204.38,21,15,0.1097,OSRM,True,"<a href=""route_maps/FDR-041.html"">View Map</a>"
R0669,PANJTIRTHI ↔ KUNJWANI TALAB,RETAINED_AS_FEEDER,FDR-132,20.375,1449.7,65.9,9,4.5,5,3.0,15,136263,3,6687.75,110.43,6798.18,22,15,0.1364,OSRM,True,"<a href=""route_maps/FDR-132.html"">View Map</a>"
R0671,PANJTIRTHI ↔ KHANA CHARGAL,RETAINED_AS_FEEDER,FDR-069,18.834,1160.7,47.9,3,1.5,4,3.0,15,152309,10,8086.92,451.31,8538.23,16,15,0.1515,OSRM,True,"<a href=""route_maps/FDR-069.html"">View Map</a>"
R0674,PANJTIRTHI ↔ CHHIBA BAMYAL,RETAINED_AS_FEEDER,FDR-356,25.933,2816.6,110.3,2,1.0,8,4.0,15,18731,1,722.28,9.64,731.92,28,15,0.0195,OSRM,True,"<a href=""route_maps/FDR-356.html"">View Map</a>"
R0679,PANJTIRTHI ↔ JAGTI CAMP,RETAINED_AS_FEEDER,FDR-318,16.445,1294.9,58.8,8,4.0,4,3.0,15,32272,2,1962.42,76.01,2038.43,20,15,0.0286,OSRM,True,"<a href=""route_maps/FDR-318.html"">View Map</a>"
R0682,PANJTIRTHI ↔ FAWARA CHOWK GREATER KAILASH,RETAINED_AS_FEEDER,FDR-053,18.094,1238.7,65.9,16,8.0,5,3.0,15,152868,9,8448.55,414.5,8863.05,22,15,0.1233,OSRM,True,"<a href=""route_maps/FDR-053.html"">View Map</a>"
R0683,PANJTIRTHI ↔ CHALNI,RETAINED_AS_FEEDER,FDR-350,17.776,1340.4,54.8,3,1.5,4,3.0,15,21659,1,1218.44,14.06,1232.5,19,15,0.0312,OSRM,True,"<a href=""route_maps/FDR-350.html"">View Map</a>"
R0688,PANJTIRTHI ↔ JAGTI CAMP,RETAINED_AS_FEEDER,FDR-346,11.91,903.8,39.2,4,2.0,3,2.0,15,15705,1,1318.64,20.99,1339.63,20,15,0.0375,OSRM,True,"<a href=""route_maps/FDR-346.html"">View Map</a>"
R0689,PANJTIRTHI ↔ TALAB TILLO BOHRI,RETAINED_AS_FEEDER,FDR-006,8.015,552.1,24.6,3,1.5,2,2.0,15,63332,6,7901.68,374.3,8275.98,13,15,0.0785,OSRM,True,"<a href=""route_maps/FDR-006.html"">View Map</a>"
R0690,PANJTIRTHI ↔ DIGIANA PULLI,RETAINED_AS_FEEDER,FDR-037,9.329,688.1,28.7,2,1.0,2,2.0,15,84472,6,9054.78,401.97,9456.75,15,15,0.1069,OSRM,True,"<a href=""route_maps/FDR-037.html"">View Map</a>"
R0692,PANJTIRTHI ↔ RAGHOORA,RETAINED_AS_FEEDER,FDR-273,9.719,577.2,25.6,3,1.5,2,2.0,15,37819,3,3891.24,77.17,3968.41,13,15,0.0566,OSRM,True,"<a href=""route_maps/FDR-273.html"">View Map</a>"
R0693,PANJTIRTHI ↔ FAWARA CHOWK GREATER KAILASH,RETAINED_AS_FEEDER,FDR-050,13.285,813.9,38.1,6,3.0,3,2.0,15,116510,5,8770.04,263.46,9033.5,20,15,0.1707,OSRM,True,"<a href=""route_maps/FDR-050.html"">View Map</a>"
R0695,PANJTIRTHI ↔ FAWARA CHOWK GREATER KAILASH,RETAINED_AS_FEEDER,FDR-089,14.771,1036.4,54.7,13,6.5,4,2.0,15,114901,7,7778.82,321.58,8100.4,28,15,0.0579,OSRM,True,"<a href=""route_maps/FDR-089.html"">View Map</a>"
R0697,PANJTIRTHI ↔ KUNJWANI TALAB,RETAINED_AS_FEEDER,FDR-133,20.375,1449.7,65.9,9,4.5,5,3.0,15,136263,3,6687.75,110.43,6798.18,22,15,0.1364,OSRM,True,"<a href=""route_maps/FDR-133.html"">View Map</a>"
R0698,PANJTIRTHI ↔ PATTA BOHRI,RETAINED_AS_FEEDER,FDR-019,7.102,542.3,26.5,5,2.5,2,1.0,15,64866,7,9133.48,985.64,10119.12,27,15,0.1629,OSRM,True,"<a href=""route_maps/FDR-019.html"">View Map</a>"
R0700,PANJTIRTHI ↔ CHANNI HIMMAT,RETAINED_AS_FEEDER,FDR-171,10.645,793.2,46.5,14,7.0,4,2.0,15,62582,5,5879.0,258.34,6137.34,24,15,0.0762,OSRM,True,"<a href=""route_maps/FDR-171.html"">View Map</a>"
R0702,PANJTIRTHI ↔ GOLE PULLI TALAB TILLO BOHRI,RETAINED_AS_FEEDER,FDR-024,4.997,365.0,16.3,2,1.0,2,1.0,15,42934,7,8591.96,1400.84,9992.8,17,15,0.2014,OSRM,True,"<a href=""route_maps/FDR-024.html"">View Map</a>"
R0707,PANJTIRTHI ↔ KHANNA CHARGAL DHOON,RETAINED_AS_FEEDER,FDR-341,15.126,1033.7,41.9,2,1.0,3,3.0,15,22040,1,1457.09,16.53,1473.62,14,15,0.0328,OSRM,True,"<a href=""route_maps/FDR-341.html"">View Map</a>"
R0711,PANJTIRTHI ↔ KANNA CHHARGAL,RETAINED_AS_FEEDER,FDR-342,15.126,1033.7,41.9,2,1.0,3,3.0,15,22040,1,1457.09,16.53,1473.62,14,15,0.0328,OSRM,True,"<a href=""route_maps/FDR-342.html"">View Map</a>"
R0714,PANJTRITHI ↔ JAGTI,RETAINED_AS_FEEDER,FDR-347,11.91,903.8,39.2,4,2.0,3,2.0,15,15705,1,1318.64,20.99,1339.63,20,15,0.0375,OSRM,True,"<a href=""route_maps/FDR-347.html"">View Map</a>"
R0717,PANJTRITHI ↔ BAHUFORT,RETAINED_AS_FEEDER,FDR-194,5.208,433.4,18.9,2,1.0,2,1.0,15,28939,3,5556.64,144.01,5700.65,19,15,0.0625,OSRM,True,"<a href=""route_maps/FDR-194.html"">View Map</a>"
R0719,PANJTRITHI ↔ BATHINDI,RETAINED_AS_FEEDER,FDR-178,8.092,695.0,40.4,12,6.0,3,2.0,15,46169,4,5705.51,216.26,5921.77,21,15,0.0851,OSRM,True,"<a href=""route_maps/FDR-178.html"">View Map</a>"
R0720,PANJTRITHI ↔ BATHINDI,RETAINED_AS_FEEDER,FDR-047,8.535,599.4,28.7,5,2.5,2,2.0,15,68171,12,7987.23,1142.36,9129.59,15,15,0.161,OSRM,True,"<a href=""route_maps/FDR-047.html"">View Map</a>"
R0725,PANTIRATHI ↔ JAGTI MIGRANT CAMP,RETAINED_AS_FEEDER,FDR-332,13.495,1242.3,59.1,10,5.0,4,2.0,15,22759,1,1686.48,18.53,1705.01,30,15,0.0374,OSRM,True,"<a href=""route_maps/FDR-332.html"">View Map</a>"
R0727,PARADE ↔ PALOURA,RETAINED_AS_FEEDER,FDR-007,6.512,500.8,24.9,5,2.5,2,1.0,15,52397,5,8046.22,767.81,8814.03,25,15,0.115,OSRM,True,"<a href=""route_maps/FDR-007.html"">View Map</a>"
R0728,PATTA BOHRI ↔ LAHORI CHAK,RETAINED_AS_FEEDER,FDR-294,12.052,1205.8,48.5,2,1.0,4,2.0,15,38920,0,3229.34,0.0,3229.34,25,15,0.0422,OSRM,True,"<a href=""route_maps/FDR-294.html"">View Map</a>"
R0729,PATTA BOHRI ↔ GHO MANHASAN SANDWAN,RETAINED_AS_FEEDER,FDR-276,8.632,819.2,33.7,2,1.0,3,2.0,15,33164,0,3841.98,0.0,3841.98,17,15,0.0526,OSRM,True,"<a href=""route_maps/FDR-276.html"">View Map</a>"
R0731,POONCH COLONY BANTALAB ↔ SHASTRI NAGAR,RETAINED_AS_FEEDER,FDR-038,12.704,775.7,38.9,8,4.0,3,2.0,15,110194,12,8673.96,767.47,9441.43,20,15,0.2302,OSRM,True,"<a href=""route_maps/FDR-038.html"">View Map</a>"
R0732,PRADE GROUND ↔ TOPH SHERKHANIA,RETAINED_AS_FEEDER,FDR-021,4.682,316.7,15.6,3,1.5,2,1.0,15,42011,6,8972.87,1121.32,10094.19,16,15,0.1018,OSRM,True,"<a href=""route_maps/FDR-021.html"">View Map</a>"
R0733,PRADE GROUND ↔ TOPH SHERKHANIA,RETAINED_AS_FEEDER,FDR-020,4.681,316.7,15.6,3,1.5,2,1.0,15,42011,6,8974.79,1121.56,10096.35,16,15,0.1018,OSRM,True,"<a href=""route_maps/FDR-020.html"">View Map</a>"
R0734,RAIKA ↔ VIJAYPUR,RETAINED_AS_FEEDER,FDR-287,52.36,3512.5,145.0,9,4.5,10,7.0,15,175933,9,3360.06,171.89,3531.95,21,15,0.0285,OSRM,True,"<a href=""route_maps/FDR-287.html"">View Map</a>"
R0737,RAIPUR JAGGIR ↔ PALOURA,RETAINED_AS_FEEDER,FDR-225,8.226,774.4,33.1,3,1.5,3,2.0,15,43879,0,5334.18,0.0,5334.18,17,15,0.0484,OSRM,True,"<a href=""route_maps/FDR-225.html"">View Map</a>"
R0741,ROOP NAGAR ↔ CHATHA MILL,RETAINED_AS_FEEDER,FDR-131,19.716,1367.4,63.9,10,5.0,5,3.0,15,128119,8,6498.22,367.72,6865.94,22,15,0.1972,OSRM,True,"<a href=""route_maps/FDR-131.html"">View Map</a>"
R0742,ROOP NAGAR ↔ KANACHAK LALYAL,RETAINED_AS_FEEDER,FDR-177,28.905,1868.1,84.3,11,5.5,6,4.0,15,167258,7,5786.47,242.17,6028.64,22,15,0.1242,OSRM,True,"<a href=""route_maps/FDR-177.html"">View Map</a>"
R0743,ROOP NAGAR ↔ GREATER KAILASH FAWARA CHOWK,RETAINED_AS_FEEDER,FDR-042,18.846,1266.7,67.0,16,8.0,5,3.0,15,163011,11,8649.63,543.88,9193.51,23,15,0.1642,OSRM,True,"<a href=""route_maps/FDR-042.html"">View Map</a>"
R0744,ROOP NAGAR ↔ SMAILPUR,RETAINED_AS_FEEDER,FDR-094,26.726,2208.0,100.7,14,7.0,7,4.0,15,196788,15,7363.17,505.13,7868.3,26,15,0.1733,OSRM,True,"<a href=""route_maps/FDR-094.html"">View Map</a>"
R0746,ROOP NAGAR ↔ MISHRIWALA,RETAINED_AS_FEEDER,FDR-104,21.546,1227.0,59.7,11,5.5,4,3.0,15,153948,7,7145.08,324.89,7469.97,20,15,0.1608,OSRM,True,"<a href=""route_maps/FDR-104.html"">View Map</a>"
R0748,ROOP NAGAR HOUSING COLONY ↔ SIMBAL CAMP,RETAINED_AS_FEEDER,FDR-198,24.63,1768.2,82.7,13,6.5,6,4.0,15,130688,10,5306.05,375.56,5681.61,21,15,0.162,OSRM,True,"<a href=""route_maps/FDR-198.html"">View Map</a>"
R0750,SANGRAMPUR ↔ PANJTIRTHI,RETAINED_AS_FEEDER,FDR-116,12.983,1029.5,56.7,15,7.5,4,2.0,15,86997,8,6700.84,616.19,7317.03,29,15,0.1024,OSRM,True,"<a href=""route_maps/FDR-116.html"">View Map</a>"
R0751,SANIK SCHOOL ↔ NAGROTA BYE PASS,RETAINED_AS_FEEDER,FDR-008,8.914,600.6,28.8,5,2.5,2,2.0,15,73410,3,8235.36,252.41,8487.77,15,15,0.0933,OSRM,True,"<a href=""route_maps/FDR-008.html"">View Map</a>"
R0753,SATWARI ↔ HAKKAL,RETAINED_AS_FEEDER,FDR-264,2.424,261.5,11.2,1,0.5,1,1.0,15,10198,0,4207.1,0.0,4207.1,12,15,0.0647,OSRM,True,"<a href=""route_maps/FDR-264.html"">View Map</a>"
R0754,SATWARI ↔ RAMBAGH KULLIAN,RETAINED_AS_FEEDER,FDR-331,6.783,802.4,35.4,4,2.0,3,1.0,15,11886,0,1752.32,0.0,1752.32,36,15,0.0303,OSRM,True,"<a href=""route_maps/FDR-331.html"">View Map</a>"
R0755,SATWARI ↔ GANDU CHAK,RETAINED_AS_FEEDER,FDR-337,8.235,861.2,37.6,4,2.0,3,2.0,15,13739,0,1668.37,0.0,1668.37,19,15,0.0311,OSRM,True,"<a href=""route_maps/FDR-337.html"">View Map</a>"
R0756,SATWARI ↔ RAYA SUCHANI,RETAINED_AS_FEEDER,FDR-174,25.892,1541.7,61.4,2,1.0,5,4.0,15,147991,10,5715.7,328.29,6043.99,16,15,0.1153,OSRM,True,"<a href=""route_maps/FDR-174.html"">View Map</a>"
R0757,SATWARI ↔ RAIPUR KHARI,RETAINED_AS_FEEDER,FDR-317,5.364,658.2,25.2,0,0.0,2,1.0,15,11008,0,2052.2,0.0,2052.2,26,15,0.0344,OSRM,True,"<a href=""route_maps/FDR-317.html"">View Map</a>"
R0759,SATWARI ↔ CHANNI  THALWAL,RETAINED_AS_FEEDER,FDR-351,15.72,1869.0,82.0,9,4.5,6,3.0,15,18906,0,1202.67,0.0,1202.67,28,15,0.0216,OSRM,True,"<a href=""route_maps/FDR-351.html"">View Map</a>"
R0760,SATWARI ↔ PHALLA MANDAL,RETAINED_AS_FEEDER,FDR-335,7.323,903.6,39.2,4,2.0,3,1.0,15,12335,0,1684.42,0.0,1684.42,40,15,0.0289,OSRM,True,"<a href=""route_maps/FDR-335.html"">View Map</a>"
R0762,SATWARI ↔ LALYAL,RETAINED_AS_FEEDER,FDR-338,7.613,966.7,40.5,3,1.5,3,2.0,15,11853,0,1556.94,0.0,1556.94,21,15,0.0325,OSRM,True,"<a href=""route_maps/FDR-338.html"">View Map</a>"
R0763,SATWARI ↔ HAKKAL PEER BABA,RETAINED_AS_FEEDER,FDR-265,2.424,261.5,11.2,1,0.5,1,1.0,15,10198,0,4207.1,0.0,4207.1,12,15,0.0647,OSRM,True,"<a href=""route_maps/FDR-265.html"">View Map</a>"
R0764,SATWARI ↔ CHATHA FARM,RETAINED_AS_FEEDER,FDR-168,8.274,499.5,22.6,3,1.5,2,2.0,15,48753,4,5892.31,302.15,6194.46,12,15,0.1731,OSRM,True,"<a href=""route_maps/FDR-168.html"">View Map</a>"
R0766,SATWARI ↔ BHURA CHAK BANDARA CHAK,RETAINED_AS_FEEDER,FDR-328,7.549,710.8,28.4,1,0.5,2,2.0,15,13603,0,1801.96,0.0,1801.96,15,15,0.0356,OSRM,True,"<a href=""route_maps/FDR-328.html"">View Map</a>"
R0767,SATWARI ↔ CHANNI THALWAL,RETAINED_AS_FEEDER,FDR-224,14.931,1186.8,48.9,3,1.5,4,2.0,15,77726,2,5205.68,133.95,5339.63,25,15,0.0783,OSRM,True,"<a href=""route_maps/FDR-224.html"">View Map</a>"
R0768,SATWARI ↔ HAKKAL,RETAINED_AS_FEEDER,FDR-266,2.424,261.5,11.2,1,0.5,1,1.0,15,10198,0,4207.1,0.0,4207.1,12,15,0.0647,OSRM,True,"<a href=""route_maps/FDR-266.html"">View Map</a>"
R0769,SATWARI ↔ BADYAL,RETAINED_AS_FEEDER,FDR-291,52.581,3679.5,151.4,9,4.5,11,8.0,15,167615,6,3187.75,114.11,3301.86,19,15,0.0456,OSRM,True,"<a href=""route_maps/FDR-291.html"">View Map</a>"
R0773,SATWARI ↔ SAMPURAN PUR PHALAIN MANDAL ROAD,RETAINED_AS_FEEDER,FDR-319,5.466,549.4,22.2,1,0.5,2,1.0,15,11132,0,2036.59,0.0,2036.59,23,15,0.0416,OSRM,True,"<a href=""route_maps/FDR-319.html"">View Map</a>"
R0775,SATWARI ↔ SHER E KASHMIR UNIVERSITY,RETAINED_AS_FEEDER,FDR-195,14.695,947.7,43.2,6,3.0,3,2.0,15,80056,5,5447.84,238.18,5686.02,22,15,0.1517,OSRM,True,"<a href=""route_maps/FDR-195.html"">View Map</a>"
R0776,SATWARI ↔ KARWAL,RETAINED_AS_FEEDER,FDR-355,26.284,3266.0,128.6,3,1.5,9,4.0,15,20149,0,766.59,0.0,766.59,33,15,0.0181,OSRM,True,"<a href=""route_maps/FDR-355.html"">View Map</a>"
R0778,SATWARI ↔ HAKKAL,RETAINED_AS_FEEDER,FDR-223,16.653,1287.0,62.0,11,5.5,5,3.0,15,85577,5,5138.83,210.17,5349.0,21,15,0.1367,OSRM,True,"<a href=""route_maps/FDR-223.html"">View Map</a>"
R0779,SATWARI ↔ MAKWAL,RETAINED_AS_FEEDER,FDR-348,47.508,3157.7,126.8,5,2.5,9,7.0,15,59843,2,1259.64,42.1,1301.74,19,15,0.0487,OSRM,True,"<a href=""route_maps/FDR-348.html"">View Map</a>"
R0781,SATWARI ↔ HAKKAL,RETAINED_AS_FEEDER,FDR-310,8.495,948.2,46.7,9,4.5,4,2.0,15,21212,0,2497.0,0.0,2497.0,24,15,0.0414,OSRM,True,"<a href=""route_maps/FDR-310.html"">View Map</a>"
R0783,SATWARI ↔ KARPALPUR,RETAINED_AS_FEEDER,FDR-340,8.683,1252.0,51.4,3,1.5,4,2.0,15,12879,0,1483.24,0.0,1483.24,26,15,0.0271,OSRM,True,"<a href=""route_maps/FDR-340.html"">View Map</a>"
R0784,SATWARI ↔ HAKHAL,RETAINED_AS_FEEDER,FDR-278,16.739,1106.0,48.1,5,2.5,4,3.0,15,61331,4,3663.96,149.35,3813.31,17,15,0.1226,OSRM,True,"<a href=""route_maps/FDR-278.html"">View Map</a>"
R0785,SATWARI ↔ MANDAL PHALIAN CHANNI,RETAINED_AS_FEEDER,FDR-210,30.385,1757.6,73.1,5,2.5,5,5.0,15,161798,9,5324.93,246.83,5571.76,15,15,0.1003,OSRM,True,"<a href=""route_maps/FDR-210.html"">View Map</a>"
R0786,SATWARI ↔ KHERI RAYAL,RETAINED_AS_FEEDER,FDR-221,26.886,2182.9,95.2,10,5.0,7,4.0,15,136785,9,5087.59,278.96,5366.55,24,15,0.1053,OSRM,True,"<a href=""route_maps/FDR-221.html"">View Map</a>"
R0789,SATWARI ↔ KIRPALPUR SARDARA CHAK,RETAINED_AS_FEEDER,FDR-311,4.279,425.2,16.3,0,0.0,2,1.0,15,10634,0,2485.16,0.0,2485.16,17,15,0.0459,OSRM,True,"<a href=""route_maps/FDR-311.html"">View Map</a>"
R0791,SATWARI (CANTONMENT BOARD GROUND ↔ SHER E KASHMIR UNIVERSITY,RETAINED_AS_FEEDER,FDR-191,13.738,903.8,42.7,7,3.5,3,2.0,15,75066,5,5464.11,254.77,5718.88,22,15,0.1514,OSRM,True,"<a href=""route_maps/FDR-191.html"">View Map</a>"
R0792,SATWARI TO ↔ REHAL,RETAINED_AS_FEEDER,FDR-307,19.898,1774.8,79.5,10,5.0,6,3.0,15,48190,2,2421.85,100.51,2522.36,27,15,0.0416,OSRM,True,"<a href=""route_maps/FDR-307.html"">View Map</a>"
R0794,VIKRAM CHOWK ↔ CAMP GOLE GUJRAL,MERGED_INTO_TRUNK,TRK-006,5.992,420.1,18.4,2,1.0,4,1.0,5,52037,3,8684.41,375.5,9059.91,19,5,0.1189,OSRM,True,"<a href=""route_maps/TRK-006.html"">View Map</a>"
